-- phpMyAdmin SQL Dump
-- version 4.4.15.9
-- https://www.phpmyadmin.net
--
-- Host: localhost
-- Generation Time: Jul 20, 2017 at 09:28 AM
-- Server version: 5.6.35
-- PHP Version: 7.0.16

SET SQL_MODE = "NO_AUTO_VALUE_ON_ZERO";
SET time_zone = "+00:00";


/*!40101 SET @OLD_CHARACTER_SET_CLIENT=@@CHARACTER_SET_CLIENT */;
/*!40101 SET @OLD_CHARACTER_SET_RESULTS=@@CHARACTER_SET_RESULTS */;
/*!40101 SET @OLD_COLLATION_CONNECTION=@@COLLATION_CONNECTION */;
/*!40101 SET NAMES utf8mb4 */;

--
-- Database: `learning-english`
--

-- --------------------------------------------------------

--
-- Table structure for table `categories_phrases`
--

CREATE TABLE IF NOT EXISTS `categories_phrases` (
  `id` int(10) unsigned NOT NULL,
  `name` varchar(191) COLLATE utf8mb4_unicode_ci NOT NULL,
  `alias` varchar(191) COLLATE utf8mb4_unicode_ci NOT NULL,
  `description` varchar(191) COLLATE utf8mb4_unicode_ci NOT NULL,
  `created_at` timestamp NULL DEFAULT NULL,
  `updated_at` timestamp NULL DEFAULT NULL
) ENGINE=InnoDB AUTO_INCREMENT=21 DEFAULT CHARSET=utf8mb4 COLLATE=utf8mb4_unicode_ci;

--
-- Dumping data for table `categories_phrases`
--

INSERT INTO `categories_phrases` (`id`, `name`, `alias`, `description`, `created_at`, `updated_at`) VALUES
(1, 'Common expressions', 'common-expressions', 'Những thành ngữ thông dụng', '2017-07-11 02:12:32', '2017-07-11 06:52:10'),
(2, 'Greetings', 'greetings', 'Chào hỏi', '2017-07-11 02:12:45', '2017-07-11 02:12:45'),
(3, 'Travel, directions', 'travel-and-directions', 'Du lịch, phương hướng', '2017-07-11 02:13:03', '2017-07-11 02:13:03'),
(4, 'Numbers and money', 'number-and-money', 'Con số và tiền bạc', '2017-07-11 02:13:16', '2017-07-11 02:13:16'),
(5, 'Location', 'location', 'Địa điểm', '2017-07-11 02:13:38', '2017-07-11 02:13:38'),
(6, 'Phone/internet/mail', 'phone-internet-mail', 'Điện thoại/internet/thư', '2017-07-11 02:13:54', '2017-07-11 02:13:54'),
(7, 'Time and dates', 'time-and-date', 'Thời gian và ngày tháng', '2017-07-11 02:14:10', '2017-07-11 02:14:10'),
(8, 'Accommodations', 'accommodations', 'Chỗ ăn ở', '2017-07-11 02:14:30', '2017-07-11 02:14:30'),
(9, 'Dining', 'dining', 'Ăn', '2017-07-11 02:14:44', '2017-07-11 02:14:44'),
(10, 'Making friends', 'making-friends', 'Kết bạn', '2017-07-11 02:15:03', '2017-07-11 02:15:03'),
(11, 'Entertainment', 'entertainment', 'Giải Trí', '2017-07-11 02:15:16', '2017-07-11 02:15:16'),
(12, 'Shopping', 'shopping', 'Mua sắm', '2017-07-11 02:15:32', '2017-07-11 02:15:32'),
(13, 'Communication difficulties', 'communication-difficulties', 'Khó khăn giao tiếp', '2017-07-11 02:15:56', '2017-07-11 02:15:56'),
(14, 'Emergency and health', 'emergency-and-health', 'Trường hợp khẩn cấp và sức khỏe', '2017-07-11 02:16:11', '2017-07-11 02:16:11'),
(15, 'Cultural expressions/terms', 'cultural-expressions-terms', 'Từ vựng và thành ngữ văn hóa', '2017-07-11 02:16:28', '2017-07-11 02:16:28'),
(16, 'General questions', 'general-questions', 'Những câu hỏi thông thường', '2017-07-11 02:16:46', '2017-07-11 02:16:46'),
(17, 'Work', 'work', 'Việc làm', '2017-07-11 02:17:07', '2017-07-11 02:17:07'),
(18, 'Weather', 'weather', 'Thời tiết', '2017-07-11 02:17:20', '2017-07-11 02:17:20'),
(19, 'Verbs', 'verbs', 'Động từ', '2017-07-11 02:17:32', '2017-07-11 02:17:32'),
(20, 'Miscellaneous', 'miscellaneous', 'Khác', '2017-07-11 02:17:51', '2017-07-11 02:17:51');

-- --------------------------------------------------------

--
-- Table structure for table `migrations`
--

CREATE TABLE IF NOT EXISTS `migrations` (
  `id` int(10) unsigned NOT NULL,
  `migration` varchar(191) COLLATE utf8mb4_unicode_ci NOT NULL,
  `batch` int(11) NOT NULL
) ENGINE=InnoDB AUTO_INCREMENT=9 DEFAULT CHARSET=utf8mb4 COLLATE=utf8mb4_unicode_ci;

--
-- Dumping data for table `migrations`
--

INSERT INTO `migrations` (`id`, `migration`, `batch`) VALUES
(1, '2014_10_12_000000_create_users_table', 1),
(2, '2014_10_12_100000_create_password_resets_table', 1),
(3, '2017_07_05_091558_add_column_avatar_to_user_table', 1),
(4, '2017_07_05_132657_entrust_setup_tables', 1),
(5, '2017_07_07_090216_create_phrases_table', 1),
(6, '2017_07_10_132607_create_categories_phrases_table', 1),
(7, '2017_07_11_081654_add_foreign_categories_phrases_table', 2),
(8, '2017_07_17_040342_create_user_phrase_table', 3);

-- --------------------------------------------------------

--
-- Table structure for table `password_resets`
--

CREATE TABLE IF NOT EXISTS `password_resets` (
  `email` varchar(191) COLLATE utf8mb4_unicode_ci NOT NULL,
  `token` varchar(191) COLLATE utf8mb4_unicode_ci NOT NULL,
  `created_at` timestamp NULL DEFAULT NULL
) ENGINE=InnoDB DEFAULT CHARSET=utf8mb4 COLLATE=utf8mb4_unicode_ci;

-- --------------------------------------------------------

--
-- Table structure for table `permissions`
--

CREATE TABLE IF NOT EXISTS `permissions` (
  `id` int(10) unsigned NOT NULL,
  `name` varchar(191) COLLATE utf8mb4_unicode_ci NOT NULL,
  `display_name` varchar(191) COLLATE utf8mb4_unicode_ci DEFAULT NULL,
  `description` varchar(191) COLLATE utf8mb4_unicode_ci DEFAULT NULL,
  `created_at` timestamp NULL DEFAULT NULL,
  `updated_at` timestamp NULL DEFAULT NULL
) ENGINE=InnoDB AUTO_INCREMENT=6 DEFAULT CHARSET=utf8mb4 COLLATE=utf8mb4_unicode_ci;

--
-- Dumping data for table `permissions`
--

INSERT INTO `permissions` (`id`, `name`, `display_name`, `description`, `created_at`, `updated_at`) VALUES
(1, 'create-post', 'Create Posts', NULL, '2017-07-11 02:06:00', '2017-07-11 02:06:00'),
(2, 'edit-user', 'Edit Users', NULL, '2017-07-11 02:06:23', '2017-07-11 02:06:23'),
(3, 'post-payment', 'Post Payments', NULL, '2017-07-11 02:06:38', '2017-07-11 02:06:38'),
(4, 'mailing-list-subscribe', 'Subscribe to mailing list', NULL, '2017-07-11 02:06:52', '2017-07-11 02:06:52'),
(5, 'customer', 'Customer', NULL, '2017-07-11 02:08:02', '2017-07-11 02:08:02');

-- --------------------------------------------------------

--
-- Table structure for table `permission_role`
--

CREATE TABLE IF NOT EXISTS `permission_role` (
  `permission_id` int(10) unsigned NOT NULL,
  `role_id` int(10) unsigned NOT NULL
) ENGINE=InnoDB DEFAULT CHARSET=utf8mb4 COLLATE=utf8mb4_unicode_ci;

--
-- Dumping data for table `permission_role`
--

INSERT INTO `permission_role` (`permission_id`, `role_id`) VALUES
(1, 1),
(2, 1),
(3, 1),
(4, 1),
(5, 1),
(1, 2),
(3, 2),
(4, 2),
(5, 2),
(1, 3),
(3, 3),
(4, 3),
(5, 3),
(5, 4);

-- --------------------------------------------------------

--
-- Table structure for table `phrases`
--

CREATE TABLE IF NOT EXISTS `phrases` (
  `id` int(10) unsigned NOT NULL,
  `english` varchar(191) COLLATE utf8mb4_unicode_ci NOT NULL,
  `vietnamese` varchar(191) COLLATE utf8mb4_unicode_ci NOT NULL,
  `alias` varchar(191) COLLATE utf8mb4_unicode_ci NOT NULL,
  `audio_slow` varchar(191) COLLATE utf8mb4_unicode_ci DEFAULT NULL,
  `audio_normal` varchar(191) COLLATE utf8mb4_unicode_ci DEFAULT NULL,
  `cat_phrase_id` int(10) unsigned NOT NULL,
  `created_at` timestamp NULL DEFAULT NULL,
  `updated_at` timestamp NULL DEFAULT NULL
) ENGINE=InnoDB AUTO_INCREMENT=952 DEFAULT CHARSET=utf8mb4 COLLATE=utf8mb4_unicode_ci;

--
-- Dumping data for table `phrases`
--

INSERT INTO `phrases` (`id`, `english`, `vietnamese`, `alias`, `audio_slow`, `audio_normal`, `cat_phrase_id`, `created_at`, `updated_at`) VALUES
(1, 'Be careful', 'Hãy cẩn thận', 'be-carefull', '/uploads/Audio/phrases/Nhung-thanh-ngu-thong-dung/slow/beCareful.mp3', '/uploads/Audio/phrases/Nhung-thanh-ngu-thong-dung/normal/beCareful.mp3', 1, '2017-07-12 00:05:21', '2017-07-12 00:05:42'),
(2, 'Be careful driving', 'Lái xe cẩn thận', 'be-carefull-driving', '/uploads/Audio/phrases/Nhung-thanh-ngu-thong-dung/slow/beCarefulDriving.mp3', '/uploads/Audio/phrases/Nhung-thanh-ngu-thong-dung/normal/beCarefulDriving.mp3', 1, '2017-07-12 01:21:45', '2017-07-12 01:21:45'),
(3, 'Can you translate this for me?', 'Bạn có thể dịch cho tôi cái này được không?', 'can-you-translate-this-for-me', '/uploads/Audio/phrases/Nhung-thanh-ngu-thong-dung/slow/canYouTranslateThisForMe.mp3', '/uploads/Audio/phrases/Nhung-thanh-ngu-thong-dung/normal/canYouTranslateThisForMe.mp3', 1, '2017-07-12 01:25:06', '2017-07-12 01:25:06'),
(4, 'Chicago is very different from Boston', 'Chicago rất khác Boston', 'chicago-is-very-different-from-bostom', '/uploads/Audio/phrases/Nhung-thanh-ngu-thong-dung/slow/chicagoIsVeryDifferentFromBoston.mp3', '/uploads/Audio/phrases/Nhung-thanh-ngu-thong-dung/normal/chicagoIsVeryDifferentFromBoston.mp3', 1, '2017-07-12 01:29:16', '2017-07-12 01:29:16'),
(5, 'Don''t worry', 'Đừng lo', 'dont-worry', '/uploads/Audio/phrases/Nhung-thanh-ngu-thong-dung/slow/dontWorry.mp3', '/uploads/Audio/phrases/Nhung-thanh-ngu-thong-dung/normal/dontWorry.mp3', 1, '2017-07-12 01:30:38', '2017-07-12 01:30:38'),
(6, 'Everyone knows it', 'Mọi người biết điều đó', 'everyone-knows-it', '/uploads/Audio/phrases/Nhung-thanh-ngu-thong-dung/slow/everyoneKnowsIt.mp3', '/uploads/Audio/phrases/Nhung-thanh-ngu-thong-dung/normal/everyoneKnowsIt.mp3', 1, '2017-07-12 01:32:35', '2017-07-12 01:32:35'),
(7, 'Everything is ready', 'Mọi thứ đã sẵn sàng', 'everything-is-ready', '/uploads/Audio/phrases/Nhung-thanh-ngu-thong-dung/slow/everythingIsReady.mp3', '/uploads/Audio/phrases/Nhung-thanh-ngu-thong-dung/normal/everythingIsReady.mp3', 1, '2017-07-12 01:36:52', '2017-07-12 01:36:52'),
(8, 'Excellent', 'Xuất sắc', 'excellent', '/uploads/Audio/phrases/Nhung-thanh-ngu-thong-dung/slow/excellent.mp3', '/uploads/Audio/phrases/Nhung-thanh-ngu-thong-dung/normal/excellent.mp3', 1, '2017-07-12 01:37:43', '2017-07-12 01:37:43'),
(9, 'From time to time', 'Thỉnh thoảng', 'from-time-to-time', '/uploads/Audio/phrases/Nhung-thanh-ngu-thong-dung/slow/fromTimeToTime.mp3', '/uploads/Audio/phrases/Nhung-thanh-ngu-thong-dung/normal/fromTimeToTime.mp3', 1, '2017-07-12 01:38:28', '2017-07-12 01:38:28'),
(10, 'Good idea', 'Ý kiến hay', 'good-idea', '/uploads/Audio/phrases/Nhung-thanh-ngu-thong-dung/slow/goodIdea.mp3', '/uploads/Audio/phrases/Nhung-thanh-ngu-thong-dung/normal/goodIdea.mp3', 1, '2017-07-12 01:39:01', '2017-07-12 01:39:01'),
(11, 'He likes it very much', 'Anh ta thích nó lắm', 'he-like-it-very-much', '/uploads/Audio/phrases/Nhung-thanh-ngu-thong-dung/slow/heLikesItVeryMuch.mp3', '/uploads/Audio/phrases/Nhung-thanh-ngu-thong-dung/normal/heLikesItVeryMuch.mp3', 1, '2017-07-12 01:39:48', '2017-07-12 01:39:48'),
(12, 'Help', 'Giúp tôi', 'help', '/uploads/Audio/phrases/Nhung-thanh-ngu-thong-dung/slow/help.mp3', '/uploads/Audio/phrases/Nhung-thanh-ngu-thong-dung/normal/help.mp3', 1, '2017-07-12 01:40:26', '2017-07-12 01:40:26'),
(13, 'He''s coming soon', 'Anh ta sắp tới', 'hes-coming-soon', '/uploads/Audio/phrases/Nhung-thanh-ngu-thong-dung/slow/hesComingSoon.mp3', '/uploads/Audio/phrases/Nhung-thanh-ngu-thong-dung/normal/hesComingSoon.mp3', 1, '2017-07-12 01:41:42', '2017-07-12 01:41:42'),
(14, 'He''s right', 'Anh ta đúng', 'hes-right', '/uploads/Audio/phrases/Nhung-thanh-ngu-thong-dung/slow/hesRight.mp3', '/uploads/Audio/phrases/Nhung-thanh-ngu-thong-dung/normal/hesRight.mp3', 1, '2017-07-12 01:42:43', '2017-07-12 01:42:43'),
(15, 'He''s very annoying', 'Anh ta quấy rối quá', 'hes-very-annoying', '/uploads/Audio/phrases/Nhung-thanh-ngu-thong-dung/slow/hesVeryAnnoying.mp3', '/uploads/Audio/phrases/Nhung-thanh-ngu-thong-dung/normal/hesVeryAnnoying.mp3', 1, '2017-07-12 01:43:51', '2017-07-12 01:43:51'),
(16, 'He''s very famous', 'Anh ta rất nổi tiếng', 'hes-very-famous', '/uploads/Audio/phrases/Nhung-thanh-ngu-thong-dung/slow/hesVeryFamous.mp3', '/uploads/Audio/phrases/Nhung-thanh-ngu-thong-dung/normal/hesVeryFamous.mp3', 1, '2017-07-12 01:44:54', '2017-07-12 01:44:54'),
(17, 'How are you?', 'Bạn khỏe không?', 'how-are-you', '/uploads/Audio/phrases/Nhung-thanh-ngu-thong-dung/slow/howAreYou.mp3', '/uploads/Audio/phrases/Nhung-thanh-ngu-thong-dung/normal/howAreYou.mp3', 1, '2017-07-12 01:45:49', '2017-07-12 01:45:49'),
(18, 'How''s work going?', 'Việc làm thế nào?', 'hows-work-going', '/uploads/Audio/phrases/Nhung-thanh-ngu-thong-dung/slow/howsWorkGoing.mp3', '/uploads/Audio/phrases/Nhung-thanh-ngu-thong-dung/normal/howsWorkGoing.mp3', 1, '2017-07-12 01:46:29', '2017-07-12 01:46:29'),
(19, 'Hurry', 'Nhanh lên', 'hurry', '/uploads/Audio/phrases/Nhung-thanh-ngu-thong-dung/slow/hurry.mp3', '/uploads/Audio/phrases/Nhung-thanh-ngu-thong-dung/normal/hurry.mp3', 1, '2017-07-12 01:47:02', '2017-07-12 01:47:02'),
(20, 'I ate already', 'Tôi đã ăn rồi', 'i-ate-already', '/uploads/Audio/phrases/Nhung-thanh-ngu-thong-dung/slow/iAteAlready.mp3', '/uploads/Audio/phrases/Nhung-thanh-ngu-thong-dung/normal/iAteAlready.mp3', 1, '2017-07-12 01:47:48', '2017-07-12 01:47:53'),
(21, 'I can''t hear you', 'Tôi không thể nghe bạn nói', 'i-cant-hear-you', '/uploads/Audio/phrases/Nhung-thanh-ngu-thong-dung/slow/iCantHearYou.mp3', '/uploads/Audio/phrases/Nhung-thanh-ngu-thong-dung/normal/iCantHearYou.mp3', 1, '2017-07-12 01:48:53', '2017-07-12 01:48:53'),
(22, 'I''d like to go for a walk', 'Tôi muốn đi dạo', 'id-like-to-go-for-a-walk', '/uploads/Audio/phrases/Nhung-thanh-ngu-thong-dung/slow/IdLikeToGoForAWalk.mp3', '/uploads/Audio/phrases/Nhung-thanh-ngu-thong-dung/normal/IdLikeToGoForAWalk.mp3', 1, '2017-07-12 01:49:49', '2017-07-12 01:49:49'),
(23, 'I don''t know how to use it', 'Tôi không biết cách dùng nó', 'i-dont-know-how-to-use-it', '/uploads/Audio/phrases/Nhung-thanh-ngu-thong-dung/slow/iDontKnowHowToUseIt.mp3', '/uploads/Audio/phrases/Nhung-thanh-ngu-thong-dung/normal/iDontKnowHowToUseIt.mp3', 1, '2017-07-12 01:50:40', '2017-07-12 01:50:40'),
(24, 'I don''t like him', 'Tôi không thích anh ta', 'i-dont-like-him', '/uploads/Audio/phrases/Nhung-thanh-ngu-thong-dung/slow/iDontLikeHim.mp3', '/uploads/Audio/phrases/Nhung-thanh-ngu-thong-dung/normal/iDontLikeHim.mp3', 1, '2017-07-12 01:51:24', '2017-07-12 01:51:24'),
(25, 'I don''t like it', 'Tôi không thích nó', 'i-dont-like-it', '/uploads/Audio/phrases/Nhung-thanh-ngu-thong-dung/slow/iDontLikeIt.mp3', '/uploads/Audio/phrases/Nhung-thanh-ngu-thong-dung/normal/iDontLikeIt.mp3', 1, '2017-07-12 01:52:05', '2017-07-12 01:52:05'),
(26, 'I don''t speak very well', 'Tôi không nói giỏi lắm', 'i-dont-speak-very-well', '/uploads/Audio/phrases/Nhung-thanh-ngu-thong-dung/slow/iDontSpeakVeryWell.mp3', '/uploads/Audio/phrases/Nhung-thanh-ngu-thong-dung/normal/iDontSpeakVeryWell.mp3', 1, '2017-07-12 01:53:20', '2017-07-12 01:53:20'),
(27, 'I don''t understand', 'Tôi không hiểu', 'i-dont-understand', '/uploads/Audio/phrases/Nhung-thanh-ngu-thong-dung/slow/IDontUnderstand.mp3', '/uploads/Audio/phrases/Nhung-thanh-ngu-thong-dung/normal/IDontUnderstand.mp3', 1, '2017-07-12 01:53:55', '2017-07-12 01:53:55'),
(28, 'I don''t want it', 'Tôi không muốn nó', 'i-dont-want-it', '/uploads/Audio/phrases/Nhung-thanh-ngu-thong-dung/slow/IDontWantIt.mp3', '/uploads/Audio/phrases/Nhung-thanh-ngu-thong-dung/normal/IDontWantIt.mp3', 1, '2017-07-12 01:55:00', '2017-07-12 01:55:00'),
(29, 'I don''t want that', 'Tôi không muốn cái đó', 'i-dont-want-that', '/uploads/Audio/phrases/Nhung-thanh-ngu-thong-dung/slow/IDontWantThat.mp3', '/uploads/Audio/phrases/Nhung-thanh-ngu-thong-dung/normal/IDontWantThat.mp3', 1, '2017-07-12 01:55:38', '2017-07-12 01:55:38'),
(30, 'I don''t want to bother you', 'Tôi không muốn làm phiền bạn', 'i-dont-want-to-bother-you', '/uploads/Audio/phrases/Nhung-thanh-ngu-thong-dung/slow/IDontWantToBotherYou.mp3', '/uploads/Audio/phrases/Nhung-thanh-ngu-thong-dung/normal/IDontWantToBotherYou.mp3', 1, '2017-07-12 01:56:24', '2017-07-12 01:56:24'),
(31, 'I feel good', 'Tôi cảm thấy khỏe', 'i-feel-good', '/uploads/Audio/phrases/Nhung-thanh-ngu-thong-dung/slow/IFeelGood.mp3', '/uploads/Audio/phrases/Nhung-thanh-ngu-thong-dung/normal/IFeelGood.mp3', 1, '2017-07-12 02:02:12', '2017-07-12 02:02:12'),
(32, 'If you need my help, please let me know', 'Nếu bạn cần tôi giúp đỡ, làm ơn cho tôi biết', 'if-you-need-my-help-please-let-me-know', '/uploads/Audio/phrases/Nhung-thanh-ngu-thong-dung/slow/ifYouNeedMyHelpPleaseLetMeKnow.mp3', '/uploads/Audio/phrases/Nhung-thanh-ngu-thong-dung/normal/ifYouNeedMyHelpPleaseLetMeKnow.mp3', 1, '2017-07-12 02:04:15', '2017-07-12 02:04:15'),
(33, 'I get off of work at 6', 'Tôi xong việc lúc 6 giờ', 'i-get-off-of-work-at-6', '/uploads/Audio/phrases/Nhung-thanh-ngu-thong-dung/slow/IGetOffWorkAt6.mp3', '/uploads/Audio/phrases/Nhung-thanh-ngu-thong-dung/normal/IGetOffWorkAt6.mp3', 1, '2017-07-12 02:05:10', '2017-07-12 02:05:10'),
(34, 'I have a headache', 'Tôi bị nhức đầu', 'i-have-a-headache', '/uploads/Audio/phrases/Nhung-thanh-ngu-thong-dung/slow/IHaveAHeadache.mp3', '/uploads/Audio/phrases/Nhung-thanh-ngu-thong-dung/normal/IHaveAHeadache.mp3', 1, '2017-07-12 02:05:50', '2017-07-12 02:05:50'),
(35, 'I hope you and your wife have a nice trip', 'Tôi hy vọng bạn và vợ bạn có một chuyến đi thú vị', 'i-hope-you-and-your-wife-have-a-nice-trip', '/uploads/Audio/phrases/Nhung-thanh-ngu-thong-dung/slow/IHopeYouAndYourWifeHaveANiceTrip.mp3', '/uploads/Audio/phrases/Nhung-thanh-ngu-thong-dung/normal/IHopeYouAndYourWifeHaveANiceTrip.mp3', 1, '2017-07-12 02:07:24', '2017-07-12 02:07:24'),
(36, 'I know', 'Tôi biết', 'i-know', '/uploads/Audio/phrases/Nhung-thanh-ngu-thong-dung/slow/IKnow.mp3', '/uploads/Audio/phrases/Nhung-thanh-ngu-thong-dung/normal/IKnow.mp3', 1, '2017-07-12 02:13:12', '2017-07-12 02:13:12'),
(37, 'I like her', 'Tôi thích cô ta', 'i-like-her', '/uploads/Audio/phrases/Nhung-thanh-ngu-thong-dung/slow/ILikeHer.mp3', '/uploads/Audio/phrases/Nhung-thanh-ngu-thong-dung/normal/ILikeHer.mp3', 1, '2017-07-12 02:13:52', '2017-07-12 02:13:52'),
(38, 'I''ll call you when I leave', 'Tôi sẽ gọi bạn khi tôi ra đi', 'ill-call-you-when-i-leave', '/uploads/Audio/phrases/Nhung-thanh-ngu-thong-dung/slow/illCallYouWhenILeave.mp3', '/uploads/Audio/phrases/Nhung-thanh-ngu-thong-dung/normal/illCallYouWhenILeave.mp3', 1, '2017-07-12 02:14:39', '2017-07-12 02:14:39'),
(39, 'I''ll come back later', 'Tôi sẽ trở lại sau', 'ill-come-back-later', '/uploads/Audio/phrases/Nhung-thanh-ngu-thong-dung/slow/illComeBackLater.mp3', '/uploads/Audio/phrases/Nhung-thanh-ngu-thong-dung/normal/illComeBackLater.mp3', 1, '2017-07-12 02:15:30', '2017-07-12 02:15:30'),
(40, 'I''ll pay', 'Tôi sẽ trả', 'ill-pay', '/uploads/Audio/phrases/Nhung-thanh-ngu-thong-dung/slow/illPay.mp3', '/uploads/Audio/phrases/Nhung-thanh-ngu-thong-dung/normal/illPay.mp3', 1, '2017-07-12 02:17:11', '2017-07-12 02:17:11'),
(41, 'I''ll take it', 'Tôi sẽ mua nó', 'ill-take-it', '/uploads/Audio/phrases/Nhung-thanh-ngu-thong-dung/slow/illTakeIt.mp3', '/uploads/Audio/phrases/Nhung-thanh-ngu-thong-dung/normal/illTakeIt.mp3', 1, '2017-07-12 02:17:53', '2017-07-12 02:17:53'),
(42, 'I''ll take you to the bus stop', 'Tôi sẽ đưa bạn tới trạm xe buýt', 'ill-take-you-to-the-bus-stop', '/uploads/Audio/phrases/Nhung-thanh-ngu-thong-dung/slow/illTakeYouToTheBusStop.mp3', '/uploads/Audio/phrases/Nhung-thanh-ngu-thong-dung/normal/illTakeYouToTheBusStop.mp3', 1, '2017-07-12 02:18:44', '2017-07-12 02:18:44'),
(43, 'I lost my watch', 'Tôi bị mất đồng hồ', 'i-lost-my-watch', '/uploads/Audio/phrases/Nhung-thanh-ngu-thong-dung/slow/ILostMyWatch.mp3', '/uploads/Audio/phrases/Nhung-thanh-ngu-thong-dung/normal/ILostMyWatch.mp3', 1, '2017-07-12 02:19:25', '2017-07-12 02:19:25'),
(44, 'I love you', 'Tôi yêu bạn', 'i-love-you', '/uploads/Audio/phrases/Nhung-thanh-ngu-thong-dung/slow/ILoveYou.mp3', '/uploads/Audio/phrases/Nhung-thanh-ngu-thong-dung/normal/ILoveYou.mp3', 1, '2017-07-12 02:21:15', '2017-07-12 02:21:15'),
(45, 'I''m an American', 'Tôi là một người Mỹ', 'im-an-american', '/uploads/Audio/phrases/Nhung-thanh-ngu-thong-dung/slow/imAnAmerican.mp3', '/uploads/Audio/phrases/Nhung-thanh-ngu-thong-dung/normal/imAnAmerican.mp3', 1, '2017-07-12 02:21:56', '2017-07-12 02:21:56'),
(46, 'I''m cleaning my room', 'Tôi đang lau chùi phòng', 'im-cleaning-my-room', '/uploads/Audio/phrases/Nhung-thanh-ngu-thong-dung/slow/imCleaningMyRoom.mp3', '/uploads/Audio/phrases/Nhung-thanh-ngu-thong-dung/normal/imCleaningMyRoom.mp3', 1, '2017-07-12 02:24:08', '2017-07-12 02:24:08'),
(47, 'I''m cold', 'Tôi lạnh', 'im-cold', '/uploads/Audio/phrases/Nhung-thanh-ngu-thong-dung/slow/imCold.mp3', '/uploads/Audio/phrases/Nhung-thanh-ngu-thong-dung/normal/imCold.mp3', 1, '2017-07-12 02:24:44', '2017-07-12 02:24:44'),
(48, 'I''m coming to pick you up', 'Tôi đang tới đón bạn', 'im-coming-to-pick-you-up', '/uploads/Audio/phrases/Nhung-thanh-ngu-thong-dung/slow/imComingToPickYouUp.mp3', '/uploads/Audio/phrases/Nhung-thanh-ngu-thong-dung/normal/imComingToPickYouUp.mp3', 1, '2017-07-12 02:25:39', '2017-07-12 02:25:39'),
(49, 'I''m going to leave', 'Tôi sắp đi', 'im-going-to-leave', '/uploads/Audio/phrases/Nhung-thanh-ngu-thong-dung/slow/ImGoingToLeave.mp3', '/uploads/Audio/phrases/Nhung-thanh-ngu-thong-dung/normal/ImGoingToLeave.mp3', 1, '2017-07-12 02:26:17', '2017-07-12 02:26:17'),
(50, 'I''m good, and you?', 'Tôi khỏe, còn bạn?', 'im-good-and-you', '/uploads/Audio/phrases/Nhung-thanh-ngu-thong-dung/slow/ImGoodAndYou.mp3', '/uploads/Audio/phrases/Nhung-thanh-ngu-thong-dung/normal/ImGoodAndYou.mp3', 1, '2017-07-12 02:26:53', '2017-07-12 02:26:53'),
(51, 'I''m happy', 'Tôi vui', 'im-happy', '/uploads/Audio/phrases/Nhung-thanh-ngu-thong-dung/slow/ImHappy.mp3', '/uploads/Audio/phrases/Nhung-thanh-ngu-thong-dung/normal/ImHappy.mp3', 1, '2017-07-12 02:36:35', '2017-07-12 02:36:35'),
(52, 'I''m hungry', 'Tôi đói', 'im-hungry', '/uploads/Audio/phrases/Nhung-thanh-ngu-thong-dung/slow/ImHungry.mp3', '/uploads/Audio/phrases/Nhung-thanh-ngu-thong-dung/normal/ImHungry.mp3', 1, '2017-07-12 02:37:12', '2017-07-12 02:37:12'),
(53, 'I''m married', 'Tôi có gia đình', 'im-married', '/uploads/Audio/phrases/Nhung-thanh-ngu-thong-dung/slow/ImMarried.mp3', '/uploads/Audio/phrases/Nhung-thanh-ngu-thong-dung/normal/ImMarried.mp3', 1, '2017-07-12 02:37:47', '2017-07-12 02:37:47'),
(54, 'I''m not busy', 'Tôi không bận', 'im-not-busy', '/uploads/Audio/phrases/Nhung-thanh-ngu-thong-dung/slow/ImNotBusy.mp3', '/uploads/Audio/phrases/Nhung-thanh-ngu-thong-dung/normal/ImNotBusy.mp3', 1, '2017-07-12 02:38:21', '2017-07-12 02:38:21'),
(55, 'I''m not married', 'Tôi không có gia đình', 'im-not-married', '/uploads/Audio/phrases/Nhung-thanh-ngu-thong-dung/slow/ImNotMarried.mp3', '/uploads/Audio/phrases/Nhung-thanh-ngu-thong-dung/normal/ImNotMarried.mp3', 1, '2017-07-12 02:38:52', '2017-07-12 02:38:52'),
(56, 'I''m not ready yet', 'Tôi chưa sẵn sàng', 'im-not-ready-yet', '/uploads/Audio/phrases/Nhung-thanh-ngu-thong-dung/slow/ImNotReadyYet.mp3', '/uploads/Audio/phrases/Nhung-thanh-ngu-thong-dung/normal/ImNotReadyYet.mp3', 1, '2017-07-12 02:39:30', '2017-07-12 02:39:30'),
(57, 'I''m not sure', 'Tôi không chắc', 'im-not-sure', '/uploads/Audio/phrases/Nhung-thanh-ngu-thong-dung/slow/ImNotSure.mp3', '/uploads/Audio/phrases/Nhung-thanh-ngu-thong-dung/normal/ImNotSure.mp3', 1, '2017-07-12 02:40:03', '2017-07-12 02:40:03'),
(58, 'I''m sorry, we''re sold out', 'Tôi rất tiếc, chúng tôi hết hàng', 'im-sorry-were-sold-out', '/uploads/Audio/phrases/Nhung-thanh-ngu-thong-dung/slow/ImSorryWereSoldOut.mp3', '/uploads/Audio/phrases/Nhung-thanh-ngu-thong-dung/normal/ImSorryWereSoldOut.mp3', 1, '2017-07-12 02:41:23', '2017-07-12 02:41:23'),
(59, 'I''m thirsty', 'Tôi khát', 'im-thirsty', '/uploads/Audio/phrases/Nhung-thanh-ngu-thong-dung/slow/ImThirsty.mp3', '/uploads/Audio/phrases/Nhung-thanh-ngu-thong-dung/normal/ImThirsty.mp3', 1, '2017-07-12 02:42:12', '2017-07-12 02:42:12'),
(60, 'I''m very busy. I don''t have time now', 'Tôi rất bận. Bây giờ tôi không có thời gian', 'im-very-busy-i-dont-have-time-now', '/uploads/Audio/phrases/Nhung-thanh-ngu-thong-dung/slow/ImVeryBusyIDontHaveTimeNow.mp3', '/uploads/Audio/phrases/Nhung-thanh-ngu-thong-dung/normal/ImVeryBusyIDontHaveTimeNow.mp3', 1, '2017-07-12 02:43:33', '2017-07-12 02:43:33'),
(61, 'I need to change clothes', 'Tôi cần thay quần áo', 'i-need-to-change-clothes', '/uploads/Audio/phrases/Nhung-thanh-ngu-thong-dung/slow/INeedToChangeClothes.mp3', '/uploads/Audio/phrases/Nhung-thanh-ngu-thong-dung/normal/INeedToChangeClothes.mp3', 1, '2017-07-12 02:44:24', '2017-07-12 02:44:24'),
(62, 'I need to go home', 'Tôi cần về nhà', 'i-need-to-go-home', '/uploads/Audio/phrases/Nhung-thanh-ngu-thong-dung/slow/INeedToGoHome.mp3', '/uploads/Audio/phrases/Nhung-thanh-ngu-thong-dung/normal/INeedToGoHome.mp3', 1, '2017-07-12 02:45:05', '2017-07-12 02:45:05'),
(63, 'I only want a snack', 'Tôi chỉ cần món ăn nhẹ', 'i-only-want-a-snack', '/uploads/Audio/phrases/Nhung-thanh-ngu-thong-dung/slow/IOnlyWantASnack.mp3', '/uploads/Audio/phrases/Nhung-thanh-ngu-thong-dung/normal/IOnlyWantASnack.mp3', 1, '2017-07-12 02:45:53', '2017-07-12 02:45:53'),
(64, 'Is Mr. Smith an American?', 'Ông Smith có phải là người Mỹ không?', 'is-mr-smith-an-american', '/uploads/Audio/phrases/Nhung-thanh-ngu-thong-dung/slow/isMrSmithAnAmerican.mp3', '/uploads/Audio/phrases/Nhung-thanh-ngu-thong-dung/normal/isMrSmithAnAmerican.mp3', 1, '2017-07-12 02:46:39', '2017-07-12 02:46:39'),
(65, 'Is that enough?', 'Như vậy đủ không?', 'is-that-enough', '/uploads/Audio/phrases/Nhung-thanh-ngu-thong-dung/slow/isThatEnough.mp3', '/uploads/Audio/phrases/Nhung-thanh-ngu-thong-dung/normal/isThatEnough.mp3', 1, '2017-07-12 02:47:19', '2017-07-12 02:47:19'),
(66, 'I think it''s very good', 'Tôi nghĩ nó rất tốt', 'i-think-its-very-good', '/uploads/Audio/phrases/Nhung-thanh-ngu-thong-dung/slow/IThinkItsVeryGood.mp3', '/uploads/Audio/phrases/Nhung-thanh-ngu-thong-dung/normal/IThinkItsVeryGood.mp3', 1, '2017-07-12 02:48:02', '2017-07-12 02:48:02'),
(67, 'I think it tastes good', 'Tôi nghĩ nó ngon', 'i-think-it-tastes-good', '/uploads/Audio/phrases/Nhung-thanh-ngu-thong-dung/slow/IThinkItTastesGood.mp3', '/uploads/Audio/phrases/Nhung-thanh-ngu-thong-dung/normal/IThinkItTastesGood.mp3', 1, '2017-07-12 02:48:45', '2017-07-12 02:48:45'),
(68, 'I thought the clothes were cheaper', 'Tôi nghĩ quần áo rẻ hơn', 'i-thought-the-clothes-were-cheaper', '/uploads/Audio/phrases/Nhung-thanh-ngu-thong-dung/slow/IThoughtTheClothesWereCheaper.mp3', '/uploads/Audio/phrases/Nhung-thanh-ngu-thong-dung/normal/IThoughtTheClothesWereCheaper.mp3', 1, '2017-07-12 02:49:31', '2017-07-12 02:49:31'),
(69, 'It''s longer than 2 miles', 'Nó dài hơn 2 dặm', 'its-longer-than-2-miles', '/uploads/Audio/phrases/Nhung-thanh-ngu-thong-dung/slow/itsLongerThan2Miles.mp3', '/uploads/Audio/phrases/Nhung-thanh-ngu-thong-dung/normal/itsLongerThan2Miles.mp3', 1, '2017-07-12 06:12:47', '2017-07-12 06:12:47'),
(70, 'I''ve been here for two days', 'Tôi đã ở đây 2 ngày', 'ive-been-here-for-two-days', '/uploads/Audio/phrases/Nhung-thanh-ngu-thong-dung/slow/IveBeenHereFor2Days.mp3', '/uploads/Audio/phrases/Nhung-thanh-ngu-thong-dung/normal/IveBeenHereFor2Days.mp3', 1, '2017-07-12 06:13:40', '2017-07-12 06:13:40'),
(71, 'I''ve heard Texas is a beautiful place', 'Tôi đã nghe Texas là một nơi đẹp', 'ive-heard-texas-is-a-beautiful-place', '/uploads/Audio/phrases/Nhung-thanh-ngu-thong-dung/slow/IveHeardTexasIsABeautifulPlace.mp3', '/uploads/Audio/phrases/Nhung-thanh-ngu-thong-dung/normal/IveHeardTexasIsABeautifulPlace.mp3', 1, '2017-07-12 06:14:29', '2017-07-12 06:14:29'),
(72, 'I''ve never seen that before', 'Tôi chưa bao giờ thấy cái đó trước đây', 'ive-never-seen-that-before', '/uploads/Audio/phrases/Nhung-thanh-ngu-thong-dung/slow/IveNeverSeenThatBefore.mp3', '/uploads/Audio/phrases/Nhung-thanh-ngu-thong-dung/normal/IveNeverSeenThatBefore.mp3', 1, '2017-07-12 06:15:08', '2017-07-12 06:15:08'),
(73, 'I was about to leave the restaurant when my friends arrived', 'Tôi sắp rời nhà hàng khi những người bạn của tôi tới', 'i-was-about-to-leave-the-restaurant-when-my-friends-arrived', '/uploads/Audio/phrases/Nhung-thanh-ngu-thong-dung/slow/IWasAboutToLeaveTheRestaurantWhenMyFriendsArrived.mp3', '/uploads/Audio/phrases/Nhung-thanh-ngu-thong-dung/normal/IWasAboutToLeaveTheRestaurantWhenMyFriendsArrived.mp3', 1, '2017-07-12 06:16:49', '2017-07-12 06:16:49'),
(74, 'Just a little', 'Một ít thôi', 'just-a-little', '/uploads/Audio/phrases/Nhung-thanh-ngu-thong-dung/slow/justALittle.mp3', '/uploads/Audio/phrases/Nhung-thanh-ngu-thong-dung/normal/justALittle.mp3', 1, '2017-07-12 06:26:22', '2017-07-12 06:26:22'),
(75, 'Just a moment', 'Chờ một chút', 'just-a-moment', '/uploads/Audio/phrases/Nhung-thanh-ngu-thong-dung/slow/justAMoment.mp3', '/uploads/Audio/phrases/Nhung-thanh-ngu-thong-dung/normal/justAMoment.mp3', 1, '2017-07-12 06:27:42', '2017-07-12 06:27:42'),
(76, 'Let me check', 'Để tôi kiểm tra', 'let-me-check', '/uploads/Audio/phrases/Nhung-thanh-ngu-thong-dung/slow/letMeCheck.mp3', '/uploads/Audio/phrases/Nhung-thanh-ngu-thong-dung/normal/letMeCheck.mp3', 1, '2017-07-12 06:28:12', '2017-07-12 06:28:12'),
(77, 'Let me think about it', 'Để tôi suy nghĩ về việc đó', 'let-me-think-about-it', '/uploads/Audio/phrases/Nhung-thanh-ngu-thong-dung/slow/letMeThinkAboutIt.mp3', '/uploads/Audio/phrases/Nhung-thanh-ngu-thong-dung/normal/letMeThinkAboutIt.mp3', 1, '2017-07-12 06:34:47', '2017-07-12 06:34:47'),
(78, 'Let''s go have a look', 'Chúng ta hãy đi xem', 'lets-go-have-a-look', '/uploads/Audio/phrases/Nhung-thanh-ngu-thong-dung/slow/letsGoHaveALook.mp3', '/uploads/Audio/phrases/Nhung-thanh-ngu-thong-dung/normal/letsGoHaveALook.mp3', 1, '2017-07-12 06:35:30', '2017-07-12 06:35:30'),
(79, 'Let''s practice English', 'Chúng ta hãy thực hành tiếng Anh', 'lets-practice-english', '/uploads/Audio/phrases/Nhung-thanh-ngu-thong-dung/slow/letsPracticeEnglish.mp3', '/uploads/Audio/phrases/Nhung-thanh-ngu-thong-dung/normal/letsPracticeEnglish.mp3', 1, '2017-07-12 06:36:24', '2017-07-12 06:36:24'),
(80, 'May I speak to Mrs. Smith please?', 'Tôi có thể nói với bà Smith không, xin vui lòng?', 'may-i-speak-to-mrs-smith-please', '/uploads/Audio/phrases/Nhung-thanh-ngu-thong-dung/slow/mayISpeakToMrsSmithPlease.mp3', '/uploads/Audio/phrases/Nhung-thanh-ngu-thong-dung/normal/mayISpeakToMrsSmithPlease.mp3', 1, '2017-07-12 06:37:13', '2017-07-12 06:37:13'),
(81, 'More than that', 'Hơn thế', 'more-than-that', '/uploads/Audio/phrases/Nhung-thanh-ngu-thong-dung/slow/moreThanThat.mp3', '/uploads/Audio/phrases/Nhung-thanh-ngu-thong-dung/normal/moreThanThat.mp3', 1, '2017-07-12 06:38:02', '2017-07-12 06:38:02'),
(82, 'Never mind', 'Đừng bận tâm', 'never-mind', '/uploads/Audio/phrases/Nhung-thanh-ngu-thong-dung/slow/nevermind.mp3', '/uploads/Audio/phrases/Nhung-thanh-ngu-thong-dung/normal/nevermind.mp3', 1, '2017-07-12 06:38:43', '2017-07-12 06:38:43'),
(83, 'Next time', 'Kỳ tới', 'next-time', '/uploads/Audio/phrases/Nhung-thanh-ngu-thong-dung/slow/nextTime.mp3', '/uploads/Audio/phrases/Nhung-thanh-ngu-thong-dung/normal/nextTime.mp3', 1, '2017-07-12 06:39:27', '2017-07-12 06:39:27'),
(84, 'No', 'Không', 'no', '/uploads/Audio/phrases/Nhung-thanh-ngu-thong-dung/slow/no.mp3', '/uploads/Audio/phrases/Nhung-thanh-ngu-thong-dung/normal/no.mp3', 1, '2017-07-12 06:40:13', '2017-07-12 06:40:13'),
(85, 'Nonsense', 'Vô lý', 'nonsense', '/uploads/Audio/phrases/Nhung-thanh-ngu-thong-dung/slow/nonsense.mp3', '/uploads/Audio/phrases/Nhung-thanh-ngu-thong-dung/normal/nonsense.mp3', 1, '2017-07-12 06:40:53', '2017-07-12 06:40:53'),
(86, 'No, thank you', 'Không, cám ơn', 'no-thank-you', '/uploads/Audio/phrases/Nhung-thanh-ngu-thong-dung/slow/noThankYou.mp3', '/uploads/Audio/phrases/Nhung-thanh-ngu-thong-dung/normal/noThankYou.mp3', 1, '2017-07-12 06:41:27', '2017-07-12 06:41:27'),
(87, 'Nothing else', 'Không còn gì khác', 'nothing-else', '/uploads/Audio/phrases/Nhung-thanh-ngu-thong-dung/slow/nothingElse.mp3', '/uploads/Audio/phrases/Nhung-thanh-ngu-thong-dung/normal/nothingElse.mp3', 1, '2017-07-12 06:41:59', '2017-07-12 06:41:59'),
(88, 'Not recently', 'Không phải lúc gần đây', 'not-recently', '/uploads/Audio/phrases/Nhung-thanh-ngu-thong-dung/slow/notRecently.mp3', '/uploads/Audio/phrases/Nhung-thanh-ngu-thong-dung/normal/notRecently.mp3', 1, '2017-07-12 06:42:34', '2017-07-12 06:42:34'),
(89, 'Not yet', 'Chưa', 'not-yet', '/uploads/Audio/phrases/Nhung-thanh-ngu-thong-dung/slow/notYet.mp3', '/uploads/Audio/phrases/Nhung-thanh-ngu-thong-dung/normal/notYet.mp3', 1, '2017-07-12 06:43:13', '2017-07-12 06:43:13'),
(90, 'Of course', 'Dĩ nhiên', 'of-course', '/uploads/Audio/phrases/Nhung-thanh-ngu-thong-dung/slow/ofCourse.mp3', '/uploads/Audio/phrases/Nhung-thanh-ngu-thong-dung/normal/ofCourse.mp3', 1, '2017-07-12 06:43:52', '2017-07-12 06:43:52'),
(91, 'Okay', 'Được', 'okay', '/uploads/Audio/phrases/Nhung-thanh-ngu-thong-dung/slow/ok.mp3', '/uploads/Audio/phrases/Nhung-thanh-ngu-thong-dung/normal/ok.mp3', 1, '2017-07-12 06:44:24', '2017-07-12 06:44:24'),
(92, 'Please fill out this form', 'Làm ơn điền vào đơn này', 'please-fill-out-this-form', '/uploads/Audio/phrases/Nhung-thanh-ngu-thong-dung/slow/pleaseFillOutThisForm.mp3', '/uploads/Audio/phrases/Nhung-thanh-ngu-thong-dung/normal/pleaseFillOutThisForm.mp3', 1, '2017-07-12 06:45:07', '2017-07-12 06:45:07'),
(93, 'Please take me to this address', 'Làm ơn đưa tôi tới địa chỉ này', 'please-take-me-to-this-address', '/uploads/Audio/phrases/Nhung-thanh-ngu-thong-dung/slow/pleaseTakeMeToThisAddress.mp3', '/uploads/Audio/phrases/Nhung-thanh-ngu-thong-dung/normal/pleaseTakeMeToThisAddress.mp3', 1, '2017-07-12 06:45:52', '2017-07-12 06:45:52'),
(94, 'Please write it down', 'Làm ơn viết ra giấy', 'please-write-it-down', '/uploads/Audio/phrases/Nhung-thanh-ngu-thong-dung/slow/pleaseWriteItDown.mp3', '/uploads/Audio/phrases/Nhung-thanh-ngu-thong-dung/normal/pleaseWriteItDown.mp3', 1, '2017-07-12 06:46:35', '2017-07-12 06:46:35'),
(95, 'Really?', 'Thực sao?', 'really', '/uploads/Audio/phrases/Nhung-thanh-ngu-thong-dung/slow/really.mp3', '/uploads/Audio/phrases/Nhung-thanh-ngu-thong-dung/normal/really.mp3', 1, '2017-07-12 06:47:04', '2017-07-12 06:47:04'),
(96, 'Right here', 'Ngay đây', 'right-here', '/uploads/Audio/phrases/Nhung-thanh-ngu-thong-dung/slow/rightHere.mp3', '/uploads/Audio/phrases/Nhung-thanh-ngu-thong-dung/normal/rightHere.mp3', 1, '2017-07-12 06:47:34', '2017-07-12 06:47:34'),
(97, 'Right there', 'Ngay đó', 'right-there', '/uploads/Audio/phrases/Nhung-thanh-ngu-thong-dung/slow/rightThere.mp3', '/uploads/Audio/phrases/Nhung-thanh-ngu-thong-dung/normal/rightThere.mp3', 1, '2017-07-12 06:48:11', '2017-07-12 06:48:11'),
(98, 'See you later', 'Gặp bạn sau', 'see-you-later', '/uploads/Audio/phrases/Nhung-thanh-ngu-thong-dung/slow/seeYouLater.mp3', '/uploads/Audio/phrases/Nhung-thanh-ngu-thong-dung/normal/seeYouLater.mp3', 1, '2017-07-12 06:48:42', '2017-07-12 06:48:42'),
(99, 'See you tomorrow', 'Gặp bạn ngày mai', 'see-you-tomorrow', '/uploads/Audio/phrases/Nhung-thanh-ngu-thong-dung/slow/seeYouTomorrow.mp3', '/uploads/Audio/phrases/Nhung-thanh-ngu-thong-dung/normal/seeYouTomorrow.mp3', 1, '2017-07-12 06:49:13', '2017-07-12 06:49:13'),
(100, 'See you tonight', 'Gặp bạn tối nay', 'see-you-tonight', '/uploads/Audio/phrases/Nhung-thanh-ngu-thong-dung/slow/seeYouTonight.mp3', '/uploads/Audio/phrases/Nhung-thanh-ngu-thong-dung/normal/seeYouTonight.mp3', 1, '2017-07-12 06:49:43', '2017-07-12 06:49:43'),
(101, 'She''s pretty', 'Cô ta đẹp', 'shes-pretty', '/uploads/Audio/phrases/Nhung-thanh-ngu-thong-dung/slow/shesPretty.mp3', '/uploads/Audio/phrases/Nhung-thanh-ngu-thong-dung/normal/shesPretty.mp3', 1, '2017-07-12 06:50:13', '2017-07-12 06:50:13'),
(102, 'Sorry to bother you', 'Xin lỗi làm phiền bạn', 'sorry-to-bother-you', '/uploads/Audio/phrases/Nhung-thanh-ngu-thong-dung/slow/sorryToBotherYou.mp3', '/uploads/Audio/phrases/Nhung-thanh-ngu-thong-dung/normal/sorryToBotherYou.mp3', 1, '2017-07-12 06:50:43', '2017-07-12 06:50:43'),
(103, 'Stop', 'Dừng lại', 'stop', '/uploads/Audio/phrases/Nhung-thanh-ngu-thong-dung/slow/stop.mp3', '/uploads/Audio/phrases/Nhung-thanh-ngu-thong-dung/normal/stop.mp3', 1, '2017-07-12 06:51:18', '2017-07-12 06:51:18'),
(104, 'Take a chance', 'Thử vận may', 'take-a-chance', '/uploads/Audio/phrases/Nhung-thanh-ngu-thong-dung/slow/takeAChance.mp3', '/uploads/Audio/phrases/Nhung-thanh-ngu-thong-dung/normal/takeAChance.mp3', 1, '2017-07-12 06:51:49', '2017-07-12 06:51:49'),
(105, 'Take it outside', 'Mang nó ra ngoài', 'take-it-outside', '/uploads/Audio/phrases/Nhung-thanh-ngu-thong-dung/slow/takeItOutside.mp3', '/uploads/Audio/phrases/Nhung-thanh-ngu-thong-dung/normal/takeItOutside.mp3', 1, '2017-07-12 06:52:25', '2017-07-12 06:52:25'),
(106, 'Tell me', 'Nói với tôi', 'tell-me', '/uploads/Audio/phrases/Nhung-thanh-ngu-thong-dung/slow/tellMe.mp3', '/uploads/Audio/phrases/Nhung-thanh-ngu-thong-dung/normal/tellMe.mp3', 1, '2017-07-12 06:53:08', '2017-07-12 06:53:08'),
(107, 'Thanks for everything', 'Cám ơn về mọi việc', 'thanks-for-everything', '/uploads/Audio/phrases/Nhung-thanh-ngu-thong-dung/slow/thanksForEverything.mp3', '/uploads/Audio/phrases/Nhung-thanh-ngu-thong-dung/normal/thanksForEverything.mp3', 1, '2017-07-12 06:53:57', '2017-07-12 06:53:57'),
(108, 'Thanks for your help', 'Cám ơn về sự giúp đỡ của bạn', 'thanks-for-your-help', '/uploads/Audio/phrases/Nhung-thanh-ngu-thong-dung/slow/thanksForYourHelp.mp3', '/uploads/Audio/phrases/Nhung-thanh-ngu-thong-dung/normal/thanksForYourHelp.mp3', 1, '2017-07-12 06:54:40', '2017-07-12 06:54:40'),
(109, 'Thank you', 'Cám ơn', 'thank-you', '/uploads/Audio/phrases/Nhung-thanh-ngu-thong-dung/slow/thankYou.mp3', '/uploads/Audio/phrases/Nhung-thanh-ngu-thong-dung/normal/thankYou.mp3', 1, '2017-07-12 06:56:11', '2017-07-12 06:56:11'),
(110, 'Thank you miss', 'Cám ơn cô', 'thank-you-miss', '/uploads/Audio/phrases/Nhung-thanh-ngu-thong-dung/slow/thankYouMiss.mp3', '/uploads/Audio/phrases/Nhung-thanh-ngu-thong-dung/normal/thankYouMiss.mp3', 1, '2017-07-12 06:56:47', '2017-07-12 06:56:47'),
(111, 'Thank you sir', 'Cám ơn ông', 'thank-you-sir', '/uploads/Audio/phrases/Nhung-thanh-ngu-thong-dung/slow/thankYouSir.mp3', '/uploads/Audio/phrases/Nhung-thanh-ngu-thong-dung/normal/thankYouSir.mp3', 1, '2017-07-12 06:57:17', '2017-07-12 06:57:17'),
(112, 'Thank you very much', 'Cám ơn rất nhiều', 'thank-you-very-much', '/uploads/Audio/phrases/Nhung-thanh-ngu-thong-dung/slow/thankYouVeryMuch.mp3', '/uploads/Audio/phrases/Nhung-thanh-ngu-thong-dung/normal/thankYouVeryMuch.mp3', 1, '2017-07-12 06:57:58', '2017-07-12 06:57:58'),
(113, 'That looks great', 'Cái đó trông tuyệt', 'that-looks-great', '/uploads/Audio/phrases/Nhung-thanh-ngu-thong-dung/slow/thatLooksGreat.mp3', '/uploads/Audio/phrases/Nhung-thanh-ngu-thong-dung/normal/thatLooksGreat.mp3', 1, '2017-07-12 06:58:34', '2017-07-12 06:58:34'),
(114, 'That''s alright', 'Được thôi', 'thats-alright', '/uploads/Audio/phrases/Nhung-thanh-ngu-thong-dung/slow/thatsAlright.mp3', '/uploads/Audio/phrases/Nhung-thanh-ngu-thong-dung/normal/thatsAlright.mp3', 1, '2017-07-12 06:59:02', '2017-07-12 06:59:02'),
(115, 'That''s enough', 'Như vậy đủ rồi', 'thats-enough', '/uploads/Audio/phrases/Nhung-thanh-ngu-thong-dung/slow/thatsEnough.mp3', '/uploads/Audio/phrases/Nhung-thanh-ngu-thong-dung/normal/thatsEnough.mp3', 1, '2017-07-12 06:59:35', '2017-07-12 06:59:35'),
(116, 'That''s fine', 'Như vậy tốt rồi', 'thats-fine', '/uploads/Audio/phrases/Nhung-thanh-ngu-thong-dung/slow/thatsFine.mp3', '/uploads/Audio/phrases/Nhung-thanh-ngu-thong-dung/normal/thatsFine.mp3', 1, '2017-07-12 07:00:09', '2017-07-12 07:00:09'),
(117, 'That''s it', 'Như vậy đó', 'thats-it', '/uploads/Audio/phrases/Nhung-thanh-ngu-thong-dung/slow/thatsIt.mp3', '/uploads/Audio/phrases/Nhung-thanh-ngu-thong-dung/normal/thatsIt.mp3', 1, '2017-07-12 07:00:42', '2017-07-12 07:00:42'),
(118, 'That smells bad', 'Cái đó ngửi hôi', 'that-smells-bad', '/uploads/Audio/phrases/Nhung-thanh-ngu-thong-dung/slow/thatSmellsBad.mp3', '/uploads/Audio/phrases/Nhung-thanh-ngu-thong-dung/normal/thatSmellsBad.mp3', 1, '2017-07-12 07:01:12', '2017-07-12 07:01:12'),
(119, 'That''s not fair', 'Như vậy không công bằng', 'thats-not-fair', '/uploads/Audio/phrases/Nhung-thanh-ngu-thong-dung/slow/thatsNotFair.mp3', '/uploads/Audio/phrases/Nhung-thanh-ngu-thong-dung/normal/thatsNotFair.mp3', 1, '2017-07-12 07:01:43', '2017-07-12 07:01:43'),
(120, 'That''s not right', 'Như vậy không đúng', 'thats-not-right', '/uploads/Audio/phrases/Nhung-thanh-ngu-thong-dung/slow/thatsNotRight.mp3', '/uploads/Audio/phrases/Nhung-thanh-ngu-thong-dung/normal/thatsNotRight.mp3', 1, '2017-07-12 07:02:13', '2017-07-12 07:02:13'),
(121, 'That''s right', 'Đúng rồi', 'thats-right', '/uploads/Audio/phrases/Nhung-thanh-ngu-thong-dung/slow/thatsRight.mp3', '/uploads/Audio/phrases/Nhung-thanh-ngu-thong-dung/normal/thatsRight.mp3', 1, '2017-07-12 07:02:44', '2017-07-12 07:02:44'),
(122, 'That''s too bad', 'Như vậy quá tệ', 'thats-too-bad', '/uploads/Audio/phrases/Nhung-thanh-ngu-thong-dung/slow/thatsTooBad.mp3', '/uploads/Audio/phrases/Nhung-thanh-ngu-thong-dung/normal/thatsTooBad.mp3', 1, '2017-07-12 07:03:14', '2017-07-12 07:03:14'),
(123, 'That''s too many', 'Như vậy nhiều quá', 'thats-too-many', '/uploads/Audio/phrases/Nhung-thanh-ngu-thong-dung/slow/thatsTooMany.mp3', '/uploads/Audio/phrases/Nhung-thanh-ngu-thong-dung/normal/thatsTooMany.mp3', 1, '2017-07-12 07:03:43', '2017-07-12 07:03:43'),
(124, 'That''s too much', 'Như vậy nhiều quá(2)', 'thats-too-much', '/uploads/Audio/phrases/Nhung-thanh-ngu-thong-dung/slow/thatsTooMuch.mp3', '/uploads/Audio/phrases/Nhung-thanh-ngu-thong-dung/normal/thatsTooMuch.mp3', 1, '2017-07-12 07:05:01', '2017-07-12 07:05:01'),
(125, 'The book is under the table', 'Quyển sách ở dưới cái bàn', 'the-book-is-under-the-table', '/uploads/Audio/phrases/Nhung-thanh-ngu-thong-dung/slow/theBookIsUnderTheTable.mp3', '/uploads/Audio/phrases/Nhung-thanh-ngu-thong-dung/normal/theBookIsUnderTheTable.mp3', 1, '2017-07-12 07:05:38', '2017-07-12 07:05:38'),
(126, 'They''ll be right back', 'Họ sẽ trở lại ngay', 'theyll-be-right-back', '/uploads/Audio/phrases/Nhung-thanh-ngu-thong-dung/slow/theyllBeRightBack.mp3', '/uploads/Audio/phrases/Nhung-thanh-ngu-thong-dung/normal/theyllBeRightBack.mp3', 1, '2017-07-12 07:06:11', '2017-07-12 07:06:11'),
(127, 'They''re the same', 'Chúng giống nhau', 'theyre-the-same', '/uploads/Audio/phrases/Nhung-thanh-ngu-thong-dung/slow/theyreTheSame.mp3', '/uploads/Audio/phrases/Nhung-thanh-ngu-thong-dung/normal/theyreTheSame.mp3', 1, '2017-07-12 07:06:58', '2017-07-12 07:06:58'),
(128, 'They''re very busy', 'Họ rất bận', 'theyre-very-busy', '/uploads/Audio/phrases/Nhung-thanh-ngu-thong-dung/slow/theyreVeryBusy.mp3', '/uploads/Audio/phrases/Nhung-thanh-ngu-thong-dung/normal/theyreVeryBusy.mp3', 1, '2017-07-12 07:07:33', '2017-07-12 07:07:33'),
(129, 'This doesn''t work', 'Cái này không hoạt động', 'this-doesnt-work', '/uploads/Audio/phrases/Nhung-thanh-ngu-thong-dung/slow/thisDoesntWork.mp3', '/uploads/Audio/phrases/Nhung-thanh-ngu-thong-dung/normal/thisDoesntWork.mp3', 1, '2017-07-12 07:08:06', '2017-07-12 07:08:06'),
(130, 'This is very difficult', 'Cái này rất khó', 'this-is-very-difficult', '/uploads/Audio/phrases/Nhung-thanh-ngu-thong-dung/slow/thisIsVeryDifficult.mp3', '/uploads/Audio/phrases/Nhung-thanh-ngu-thong-dung/normal/thisIsVeryDifficult.mp3', 1, '2017-07-12 07:08:44', '2017-07-12 07:08:44'),
(131, 'This is very important', 'Điều này rất quan trọng', 'this-is-very-important', '/uploads/Audio/phrases/Nhung-thanh-ngu-thong-dung/slow/thisIsVeryImportant.mp3', '/uploads/Audio/phrases/Nhung-thanh-ngu-thong-dung/normal/thisIsVeryImportant.mp3', 1, '2017-07-12 17:34:06', '2017-07-12 17:34:06'),
(132, 'Try it', 'Thử nó', 'try-it', '/uploads/Audio/phrases/Nhung-thanh-ngu-thong-dung/slow/tryIt.mp3', '/uploads/Audio/phrases/Nhung-thanh-ngu-thong-dung/normal/tryIt.mp3', 1, '2017-07-12 17:34:41', '2017-07-12 17:34:41'),
(133, 'Very good, thanks', 'Rất tốt, cám ơn', 'very-good-thanks', '/uploads/Audio/phrases/Nhung-thanh-ngu-thong-dung/slow/veryGoodThanks.mp3', '/uploads/Audio/phrases/Nhung-thanh-ngu-thong-dung/normal/veryGoodThanks.mp3', 1, '2017-07-12 17:35:14', '2017-07-12 17:35:14'),
(134, 'We like it very much', 'Chúng tôi thích nó lắm', 'we-like-it-very-much', '/uploads/Audio/phrases/Nhung-thanh-ngu-thong-dung/slow/weLikeItVeryMuch.mp3', '/uploads/Audio/phrases/Nhung-thanh-ngu-thong-dung/normal/weLikeItVeryMuch.mp3', 1, '2017-07-12 17:35:51', '2017-07-12 17:35:51'),
(135, 'Would you take a message please?', 'Bạn nhận giùm một tin nhắn được không?', 'would-you-take-a-message-please', '/uploads/Audio/phrases/Nhung-thanh-ngu-thong-dung/slow/wouldYouTakeAMessagePlease.mp3', '/uploads/Audio/phrases/Nhung-thanh-ngu-thong-dung/normal/wouldYouTakeAMessagePlease.mp3', 1, '2017-07-12 17:38:02', '2017-07-12 17:38:02'),
(136, 'Yes, really', 'Vâng, thực sự', 'yes-really', '/uploads/Audio/phrases/Nhung-thanh-ngu-thong-dung/slow/yesReally.mp3', '/uploads/Audio/phrases/Nhung-thanh-ngu-thong-dung/normal/yesReally.mp3', 1, '2017-07-12 17:38:43', '2017-07-12 17:38:43'),
(137, 'You''re beautiful', 'Bạn đẹp', 'youre-beautiful', '/uploads/Audio/phrases/Nhung-thanh-ngu-thong-dung/slow/youreBeautiful.mp3', '/uploads/Audio/phrases/Nhung-thanh-ngu-thong-dung/normal/youreBeautiful.mp3', 1, '2017-07-12 17:39:14', '2017-07-12 17:39:14'),
(138, 'You''re very nice', 'Bạn rất dễ thương', 'youre-very-nice', '/uploads/Audio/phrases/Nhung-thanh-ngu-thong-dung/slow/youreVeryNice.mp3', '/uploads/Audio/phrases/Nhung-thanh-ngu-thong-dung/normal/youreVeryNice.mp3', 1, '2017-07-12 17:39:47', '2017-07-12 17:39:47'),
(139, 'You''re very smart', 'Bạn rất thông minh', 'youre-very-smart', '/uploads/Audio/phrases/Nhung-thanh-ngu-thong-dung/slow/youreVerySmart.mp3', '/uploads/Audio/phrases/Nhung-thanh-ngu-thong-dung/normal/youreVerySmart.mp3', 1, '2017-07-12 17:40:30', '2017-07-12 17:40:30'),
(140, 'Your things are all here', 'Tất cả đồ của bạn ở đây', 'your-things-are-all-here', '/uploads/Audio/phrases/Nhung-thanh-ngu-thong-dung/slow/youreThingsAreAllThere.mp3', '/uploads/Audio/phrases/Nhung-thanh-ngu-thong-dung/normal/youreThingsAreAllThere.mp3', 1, '2017-07-12 17:41:10', '2017-07-12 17:41:10'),
(141, 'Certainly', 'Dĩ nhiên', 'certainly', '/uploads/Audio/phrases/Chao-hoi/slow/certinly.mp3', '/uploads/Audio/phrases/Chao-hoi/normal/certinly.mp3', 2, '2017-07-12 17:43:23', '2017-07-12 17:43:23'),
(142, 'Good afternoon', 'Chào buổi chiều', 'good-afternoon', '/uploads/Audio/phrases/Chao-hoi/slow/goodAfternoon.mp3', '/uploads/Audio/phrases/Chao-hoi/normal/goodAfternoon.mp3', 2, '2017-07-12 17:44:08', '2017-07-12 17:48:59'),
(143, 'Good evening sir', 'Chào ông buổi tối', 'good-evening-sir', '/uploads/Audio/phrases/Chao-hoi/slow/goodEveningSir.mp3', '/uploads/Audio/phrases/Chao-hoi/normal/goodEveningSir.mp3', 2, '2017-07-12 17:44:48', '2017-07-12 17:44:48'),
(144, 'Good Luck', 'Chúc may mắn', 'good-luck', '/uploads/Audio/phrases/Chao-hoi/slow/goodLuck.mp3', '/uploads/Audio/phrases/Chao-hoi/normal/goodLuck.mp3', 2, '2017-07-12 17:46:07', '2017-07-12 17:46:07'),
(145, 'Good morning', 'Chào buổi sáng', 'good-morning', '/uploads/Audio/phrases/Chao-hoi/slow/goodMorning.mp3', '/uploads/Audio/phrases/Chao-hoi/normal/goodMorning.mp3', 2, '2017-07-12 17:46:40', '2017-07-12 17:46:40'),
(146, 'Great', 'Tuyệt', 'great', '/uploads/Audio/phrases/Chao-hoi/slow/great.mp3', '/uploads/Audio/phrases/Chao-hoi/normal/great.mp3', 2, '2017-07-12 17:47:15', '2017-07-12 17:48:41'),
(147, 'Happy Birthday', 'Chúc mừng sinh nhật', 'happy-birthday', '/uploads/Audio/phrases/Chao-hoi/slow/happyBirthday.mp3', '/uploads/Audio/phrases/Chao-hoi/normal/happyBirthday.mp3', 2, '2017-07-12 17:47:45', '2017-07-12 17:48:35'),
(148, 'Have a good trip', 'Chúc một chuyến đi tốt đẹp', 'have-a-good-trip', '/uploads/Audio/phrases/Chao-hoi/slow/haveAGoodTrip.mp3', '/uploads/Audio/phrases/Chao-hoi/normal/haveAGoodTrip.mp3', 2, '2017-07-12 17:48:19', '2017-07-12 17:48:25'),
(149, 'Hello', 'Chào', 'hello', '/uploads/Audio/phrases/Chao-hoi/slow/hello.mp3', '/uploads/Audio/phrases/Chao-hoi/normal/hello.mp3', 2, '2017-07-12 17:49:56', '2017-07-12 17:49:56'),
(150, 'Nice to meet you', 'Rất vui được gặp bạn', 'nice-to-meet-you', '/uploads/Audio/phrases/Chao-hoi/slow/niceToMeetYou.mp3', '/uploads/Audio/phrases/Chao-hoi/normal/niceToMeetYou.mp3', 2, '2017-07-12 17:50:33', '2017-07-12 17:50:33'),
(151, 'Please call me', 'Làm ơn gọi cho tôi', 'please-call-me', '/uploads/Audio/phrases/Chao-hoi/slow/pleaseCallMe.mp3', '/uploads/Audio/phrases/Chao-hoi/normal/pleaseCallMe.mp3', 2, '2017-07-12 17:51:03', '2017-07-12 17:51:03'),
(152, 'About 300 kilometers', 'Khoảng 300 cây số', 'about-300-kilometers', '/uploads/Audio/phrases/Du-lich-va-phuong-huong/slow/about300Kilometers.mp3', '/uploads/Audio/phrases/Du-lich-va-phuong-huong/normal/about300Kilometers.mp3', 3, '2017-07-12 17:52:59', '2017-07-12 17:52:59'),
(153, 'A one way ticket', 'Vé một chiều', 'a-one-way-ticket', '/uploads/Audio/phrases/Du-lich-va-phuong-huong/slow/aOneWayTicket.mp3', '/uploads/Audio/phrases/Du-lich-va-phuong-huong/normal/aOneWayTicket.mp3', 3, '2017-07-12 17:53:38', '2017-07-12 17:53:38'),
(154, 'Are you going to help her?', 'Bạn sẽ giúp cô ta không?', 'are-you-going-to-help-her', '/uploads/Audio/phrases/Du-lich-va-phuong-huong/slow/areYouGoingToHelpHer.mp3', '/uploads/Audio/phrases/Du-lich-va-phuong-huong/normal/areYouGoingToHelpHer.mp3', 3, '2017-07-12 17:54:10', '2017-07-12 17:54:10'),
(155, 'A round trip ticket', 'Vé khứ hồi', 'a-round-trip-ticket', '/uploads/Audio/phrases/Du-lich-va-phuong-huong/slow/aRoundTripTicket.mp3', '/uploads/Audio/phrases/Du-lich-va-phuong-huong/normal/aRoundTripTicket.mp3', 3, '2017-07-12 17:54:41', '2017-07-12 17:54:41'),
(156, 'At what time?', 'Lúc mấy giờ?', 'at-what-time', '/uploads/Audio/phrases/Du-lich-va-phuong-huong/slow/atWhatTime.mp3', '/uploads/Audio/phrases/Du-lich-va-phuong-huong/normal/atWhatTime.mp3', 3, '2017-07-12 17:55:14', '2017-07-12 17:55:14'),
(157, 'Can I make an appointment for next Wednesday?', 'Tôi có thể xin hẹn vào thứ tư tới không?', 'can-i-make-an-appointment-for-next-wednesday', '/uploads/Audio/phrases/Du-lich-va-phuong-huong/slow/canIMakeAnAppointmentForNextWednesday.mp3', '/uploads/Audio/phrases/Du-lich-va-phuong-huong/normal/canIMakeAnAppointmentForNextWednesday.mp3', 3, '2017-07-12 17:55:53', '2017-07-12 17:55:53'),
(158, 'Can you repeat that please?', 'Bạn có thể lập lại điều đó được không?', 'can-you-repeat-that-please', '/uploads/Audio/phrases/Du-lich-va-phuong-huong/slow/canYouRepeatThatPlease.mp3', '/uploads/Audio/phrases/Du-lich-va-phuong-huong/normal/canYouRepeatThatPlease.mp3', 3, '2017-07-12 17:56:30', '2017-07-12 17:56:30'),
(159, 'Does this road go to New York?', 'Con đường này có tới New York không?', 'does-this-road-go-to-new-york', '/uploads/Audio/phrases/Du-lich-va-phuong-huong/slow/doesThisRoadGoToNY.mp3', '/uploads/Audio/phrases/Du-lich-va-phuong-huong/normal/doesThisRoadGoToNY.mp3', 3, '2017-07-12 17:57:16', '2017-07-12 17:57:16'),
(160, 'Do you have enough money?', 'Bạn có đủ tiền không?', 'do-you-have-enough-money', '/uploads/Audio/phrases/Du-lich-va-phuong-huong/slow/doYouHaveEnoughMoney.mp3', '/uploads/Audio/phrases/Du-lich-va-phuong-huong/normal/doYouHaveEnoughMoney.mp3', 3, '2017-07-12 17:57:43', '2017-07-12 18:03:09'),
(161, 'Do you know how to cook?', 'Bạn có biết nấu ăn không?', 'do-you-know-how-to-cook', '/uploads/Audio/phrases/Du-lich-va-phuong-huong/slow/doYouKnowHowToCook.mp3', '/uploads/Audio/phrases/Du-lich-va-phuong-huong/normal/doYouKnowHowToCook.mp3', 3, '2017-07-12 17:58:23', '2017-07-12 17:58:23'),
(162, 'Do you know what this says?', 'Bạn có biết cái này nói gì không?', 'do-you-know-what-this-says', '/uploads/Audio/phrases/Du-lich-va-phuong-huong/slow/doYouKnowWhatThisSays.mp3', '/uploads/Audio/phrases/Du-lich-va-phuong-huong/normal/doYouKnowWhatThisSays.mp3', 3, '2017-07-12 17:58:54', '2017-07-12 17:58:54'),
(163, 'Do you want me to come and pick you up?', 'Bạn có muốn tôi tới đón bạn không?', 'do-you-want-me-to-come-and-pick-you-up', '/uploads/Audio/phrases/Du-lich-va-phuong-huong/slow/doYouWantMeToComeAndPickYouUp.mp3', '/uploads/Audio/phrases/Du-lich-va-phuong-huong/normal/doYouWantMeToComeAndPickYouUp.mp3', 3, '2017-07-12 18:01:46', '2017-07-12 18:01:46'),
(164, 'Follow me', 'Theo tôi', 'follow-me', '/uploads/Audio/phrases/Du-lich-va-phuong-huong/slow/followMe.mp3', '/uploads/Audio/phrases/Du-lich-va-phuong-huong/normal/followMe.mp3', 3, '2017-07-12 18:02:13', '2017-07-12 18:02:13'),
(165, 'From here to there', 'Từ đây đến đó', 'from-here-to-there', '/uploads/Audio/phrases/Du-lich-va-phuong-huong/slow/fromHereToThere.mp3', '/uploads/Audio/phrases/Du-lich-va-phuong-huong/normal/fromHereToThere.mp3', 3, '2017-07-12 18:02:52', '2017-07-12 18:02:52'),
(166, 'Go straight ahead', 'Đi thẳng trước mặt', 'go-straight-ahead', '/uploads/Audio/phrases/Du-lich-va-phuong-huong/slow/goStraightAhead.mp3', '/uploads/Audio/phrases/Du-lich-va-phuong-huong/normal/goStraightAhead.mp3', 3, '2017-07-12 18:03:50', '2017-07-12 18:03:50'),
(167, 'Have you arrived?', 'Bạn tới chưa?', 'have-you-arrived', '/uploads/Audio/phrases/Du-lich-va-phuong-huong/slow/haveYouArrived.mp3', '/uploads/Audio/phrases/Du-lich-va-phuong-huong/normal/haveYouArrived.mp3', 3, '2017-07-12 18:04:25', '2017-07-12 18:04:25'),
(168, 'Have you been to Boston?', 'Bạn từng tới Boston chưa?', 'have-you-been-to-boston', '/uploads/Audio/phrases/Du-lich-va-phuong-huong/slow/haveYouBeenToBoston.mp3', '/uploads/Audio/phrases/Du-lich-va-phuong-huong/normal/haveYouBeenToBoston.mp3', 3, '2017-07-12 18:05:02', '2017-07-12 18:05:02'),
(169, 'How do I get there?', 'Làm sao tôi tới đó?', 'how-do-i-get-there', '/uploads/Audio/phrases/Du-lich-va-phuong-huong/slow/howDoIGetThere.mp3', '/uploads/Audio/phrases/Du-lich-va-phuong-huong/normal/howDoIGetThere.mp3', 3, '2017-07-12 18:05:34', '2017-07-12 18:05:34'),
(170, 'How do I get to Daniel Street?', 'Làm sao tôi tới đường Daniel?', 'how-do-i-get-to-daniel-street', '/uploads/Audio/phrases/Du-lich-va-phuong-huong/slow/howDoIGetToDanielStreet.mp3', '/uploads/Audio/phrases/Du-lich-va-phuong-huong/normal/howDoIGetToDanielStreet.mp3', 3, '2017-07-12 18:06:09', '2017-07-12 18:06:09'),
(171, 'How do I get to the American Embassy?', 'Làm sao tôi tới tòa đại sứ Mỹ?', 'how-do-i-get-to-the-american-embassy', '/uploads/Audio/phrases/Du-lich-va-phuong-huong/slow/howDoIGetToTheAmericanEmbassy.mp3', '/uploads/Audio/phrases/Du-lich-va-phuong-huong/normal/howDoIGetToTheAmericanEmbassy.mp3', 3, '2017-07-12 18:06:48', '2017-07-12 18:06:48'),
(172, 'How long does it take by car?', 'Đi bằng xe mất bao lâu?', 'how-long-does-it-take-by-car', '/uploads/Audio/phrases/Du-lich-va-phuong-huong/slow/howLongDoesItTakeByCar.mp3', '/uploads/Audio/phrases/Du-lich-va-phuong-huong/normal/howLongDoesItTakeByCar.mp3', 3, '2017-07-12 18:07:19', '2017-07-12 18:07:19'),
(173, 'How long does it take to get to Georgia?', 'Tới Georgia mất bao lâu?', 'how-long-does-it-take-to-get-to-georgia', '/uploads/Audio/phrases/Du-lich-va-phuong-huong/slow/howLongDoesItTakeToGetToGeorgia.mp3', '/uploads/Audio/phrases/Du-lich-va-phuong-huong/normal/howLongDoesItTakeToGetToGeorgia.mp3', 3, '2017-07-12 18:08:08', '2017-07-12 18:08:08'),
(174, 'How long is the flight?', 'Chuyến bay bao lâu?', 'how-long-is-the-flight', '/uploads/Audio/phrases/Du-lich-va-phuong-huong/slow/howLongIsTheFlight.mp3', '/uploads/Audio/phrases/Du-lich-va-phuong-huong/normal/howLongIsTheFlight.mp3', 3, '2017-07-12 18:08:47', '2017-07-12 18:08:47'),
(175, 'How was the movie?', 'Bộ phim thế nào?', 'how-was-the-movie', '/uploads/Audio/phrases/Du-lich-va-phuong-huong/slow/howWasTheMovie.mp3', '/uploads/Audio/phrases/Du-lich-va-phuong-huong/normal/howWasTheMovie.mp3', 3, '2017-07-12 18:09:17', '2017-07-12 18:09:17'),
(176, 'I''d like to make a reservation', 'Tôi muốn đặt trước', 'id-like-to-make-a-reservation', '/uploads/Audio/phrases/Du-lich-va-phuong-huong/slow/IdLikeToMakeAReservation.mp3', '/uploads/Audio/phrases/Du-lich-va-phuong-huong/normal/IdLikeToMakeAReservation.mp3', 3, '2017-07-12 18:11:02', '2017-07-12 18:11:02'),
(177, 'I have a question I want to ask you', 'Tôi có câu hỏi muốn hỏi bạn', 'i-have-a-question-i-want-to-ask-you', '/uploads/Audio/phrases/Du-lich-va-phuong-huong/slow/IHaveAQuestionIWantToAskYou.mp3', '/uploads/Audio/phrases/Du-lich-va-phuong-huong/normal/IHaveAQuestionIWantToAskYou.mp3', 3, '2017-07-12 18:12:10', '2017-07-12 18:12:10'),
(178, 'I''ll take that one also', 'Tôi cũng sẽ mua cái đó', 'ill-take-that-one-also', '/uploads/Audio/phrases/Du-lich-va-phuong-huong/slow/illTakeThatOneAlso.mp3', '/uploads/Audio/phrases/Du-lich-va-phuong-huong/normal/illTakeThatOneAlso.mp3', 3, '2017-07-12 18:13:05', '2017-07-12 18:13:05'),
(179, 'I''m coming right now', 'Tôi tới ngay', 'im-coming-right-now', '/uploads/Audio/phrases/Du-lich-va-phuong-huong/slow/imComingRightNow.mp3', '/uploads/Audio/phrases/Du-lich-va-phuong-huong/normal/imComingRightNow.mp3', 3, '2017-07-12 18:13:35', '2017-07-12 18:13:35'),
(180, 'I''m going home in four days', 'Tôi sẽ đi về nhà trong vòng 4 ngày', 'im-going-home-in-four-days', '/uploads/Audio/phrases/Du-lich-va-phuong-huong/slow/imGoingHomeInFourDays.mp3', '/uploads/Audio/phrases/Du-lich-va-phuong-huong/normal/imGoingHomeInFourDays.mp3', 3, '2017-07-12 18:14:15', '2017-07-12 18:14:15'),
(181, 'I''m leaving Tomorrow', 'Ngày mai tôi sẽ đi', 'im-leaving-tomorrow', '/uploads/Audio/phrases/Du-lich-va-phuong-huong/slow/ImLeavingTomorrow.mp3', '/uploads/Audio/phrases/Du-lich-va-phuong-huong/normal/ImLeavingTomorrow.mp3', 3, '2017-07-12 18:14:49', '2017-07-12 18:14:49');
INSERT INTO `phrases` (`id`, `english`, `vietnamese`, `alias`, `audio_slow`, `audio_normal`, `cat_phrase_id`, `created_at`, `updated_at`) VALUES
(182, 'I''m looking for the post office', 'Tôi đang tìm bưu điện', 'im-looking-for-the-post-office', '/uploads/Audio/phrases/Du-lich-va-phuong-huong/slow/ImLookingForThePostOffice.mp3', '/uploads/Audio/phrases/Du-lich-va-phuong-huong/normal/ImLookingForThePostOffice.mp3', 3, '2017-07-12 18:15:21', '2017-07-12 18:15:21'),
(183, 'Is this pen yours?', 'Cái bút này có phải của bạn không?', 'is-this-pen-yours', '/uploads/Audio/phrases/Du-lich-va-phuong-huong/slow/isThisPenYours.mp3', '/uploads/Audio/phrases/Du-lich-va-phuong-huong/normal/isThisPenYours.mp3', 3, '2017-07-12 18:16:03', '2017-07-12 18:16:03'),
(184, 'I wish I had one', 'Tôi ước gì có một cái', 'i-wish-i-had-one', '/uploads/Audio/phrases/Du-lich-va-phuong-huong/slow/IWishIHadOne.mp3', '/uploads/Audio/phrases/Du-lich-va-phuong-huong/normal/IWishIHadOne.mp3', 3, '2017-07-12 18:24:18', '2017-07-12 18:24:18'),
(185, 'One ticket to New York please', 'Một vé đi New York, xin vui lòng', 'one-ticket-to-new-york-please', '/uploads/Audio/phrases/Du-lich-va-phuong-huong/slow/oneTicketToNYPlease.mp3', '/uploads/Audio/phrases/Du-lich-va-phuong-huong/normal/oneTicketToNYPlease.mp3', 3, '2017-07-12 18:25:11', '2017-07-12 18:25:11'),
(186, 'One way or round trip?', 'Một chiều hay khứ hồi?', 'one-way-or-round-trip', '/uploads/Audio/phrases/Du-lich-va-phuong-huong/slow/oneWayOrRoundTrip.mp3', '/uploads/Audio/phrases/Du-lich-va-phuong-huong/normal/oneWayOrRoundTrip.mp3', 3, '2017-07-12 18:25:49', '2017-07-12 18:25:49'),
(187, 'Please speak slower', 'Làm ơn nói chậm hơn', 'please-speak-slower', '/uploads/Audio/phrases/Du-lich-va-phuong-huong/slow/pleaseSpeakSlower.mp3', '/uploads/Audio/phrases/Du-lich-va-phuong-huong/normal/pleaseSpeakSlower.mp3', 3, '2017-07-12 18:26:21', '2017-07-12 18:26:21'),
(188, 'Please take me to the airport', 'Làm ơn đưa tôi tới phi trường', 'please-take-me-to-the-airport', '/uploads/Audio/phrases/Du-lich-va-phuong-huong/slow/pleaseTakeMeToTheAirport.mp3', '/uploads/Audio/phrases/Du-lich-va-phuong-huong/normal/pleaseTakeMeToTheAirport.mp3', 3, '2017-07-12 18:27:06', '2017-07-12 18:27:06'),
(189, 'That way', 'Lối đó', 'that-way', '/uploads/Audio/phrases/Du-lich-va-phuong-huong/slow/thatWay.mp3', '/uploads/Audio/phrases/Du-lich-va-phuong-huong/normal/thatWay.mp3', 3, '2017-07-12 18:27:53', '2017-07-12 18:27:53'),
(190, 'The plane departs at 5:30P', 'Máy bay cất cánh lúc 5:30 chiều', 'the-plane-departs-at-530p', '/uploads/Audio/phrases/Du-lich-va-phuong-huong/slow/thePlaneDepartsAt530.mp3', '/uploads/Audio/phrases/Du-lich-va-phuong-huong/normal/thePlaneDepartsAt530.mp3', 3, '2017-07-12 18:28:39', '2017-07-12 18:28:39'),
(191, 'They arrived yesterday', 'Họ tới ngày hôm qua', 'they-arrived-yesterday', '/uploads/Audio/phrases/Du-lich-va-phuong-huong/slow/theyArrivedYesterday.mp3', '/uploads/Audio/phrases/Du-lich-va-phuong-huong/normal/theyArrivedYesterday.mp3', 3, '2017-07-12 18:29:21', '2017-07-12 18:29:21'),
(192, 'Turn around', 'Quay lại', 'turn-around', '/uploads/Audio/phrases/Du-lich-va-phuong-huong/slow/turnAround.mp3', '/uploads/Audio/phrases/Du-lich-va-phuong-huong/normal/turnAround.mp3', 3, '2017-07-12 18:29:58', '2017-07-12 18:29:58'),
(193, 'Turn left', 'Rẽ trái', 'turn-left', '/uploads/Audio/phrases/Du-lich-va-phuong-huong/slow/turnLeft.mp3', '/uploads/Audio/phrases/Du-lich-va-phuong-huong/normal/turnLeft.mp3', 3, '2017-07-12 18:30:32', '2017-07-12 18:30:32'),
(194, 'Turn right', 'Rẽ phải', 'turn-right', '/uploads/Audio/phrases/Du-lich-va-phuong-huong/slow/turnRight.mp3', '/uploads/Audio/phrases/Du-lich-va-phuong-huong/normal/turnRight.mp3', 3, '2017-07-12 18:31:03', '2017-07-12 18:31:03'),
(195, 'What time are you going to the bus station?', 'Mấy giờ bạn sẽ ra trạm xe buýt?', 'what-time-are-you-going-to-the-bus-station', '/uploads/Audio/phrases/Du-lich-va-phuong-huong/slow/whatTimeAreYouGoingToTheBusStation.mp3', '/uploads/Audio/phrases/Du-lich-va-phuong-huong/normal/whatTimeAreYouGoingToTheBusStation.mp3', 3, '2017-07-12 18:31:57', '2017-07-12 18:31:57'),
(196, 'When did this happen?', 'Việc này xảy ra khi nào?', 'when-did-this-happen', '/uploads/Audio/phrases/Du-lich-va-phuong-huong/slow/whenDidThisHappen.mp3', '/uploads/Audio/phrases/Du-lich-va-phuong-huong/normal/whenDidThisHappen.mp3', 3, '2017-07-12 18:32:37', '2017-07-12 18:32:37'),
(197, 'When did you arrive in Boston?', 'Bạn đã tới Boston khi nào?', 'when-did-you-arrive-in-boston', '/uploads/Audio/phrases/Du-lich-va-phuong-huong/slow/whenDidYouArriveInBoston.mp3', '/uploads/Audio/phrases/Du-lich-va-phuong-huong/normal/whenDidYouArriveInBoston.mp3', 3, '2017-07-12 18:33:13', '2017-07-12 18:33:13'),
(198, 'When does he arrive?', 'Khi nào anh ta tới?', 'when-does-he-arrive', '/uploads/Audio/phrases/Du-lich-va-phuong-huong/slow/whenDoesHeArrive.mp3', '/uploads/Audio/phrases/Du-lich-va-phuong-huong/normal/whenDoesHeArrive.mp3', 3, '2017-07-12 18:33:53', '2017-07-12 18:33:53'),
(199, 'When does it arrive?', 'Khi nào nó tới?', 'when-does-it-arrive', '/uploads/Audio/phrases/Du-lich-va-phuong-huong/slow/whenDoesItArrive.mp3', '/uploads/Audio/phrases/Du-lich-va-phuong-huong/normal/whenDoesItArrive.mp3', 3, '2017-07-12 18:34:21', '2017-07-12 18:34:21'),
(200, 'When does the bank open?', 'Khi nào ngân hàng mở cửa?', 'when-does-the-bank-open', '/uploads/Audio/phrases/Du-lich-va-phuong-huong/slow/whenDoesTheBankOpen.mp3', '/uploads/Audio/phrases/Du-lich-va-phuong-huong/normal/whenDoesTheBankOpen.mp3', 3, '2017-07-12 18:34:58', '2017-07-12 18:34:58'),
(201, 'When does the bus leave?', 'Khi nào xe buýt khởi hành?', 'when-does-the-bus-leave', '/uploads/Audio/phrases/Du-lich-va-phuong-huong/slow/whenDoesTheBusLeave.mp3', '/uploads/Audio/phrases/Du-lich-va-phuong-huong/normal/whenDoesTheBusLeave.mp3', 3, '2017-07-12 18:35:33', '2017-07-12 18:35:33'),
(202, 'When do we arrive?', 'Khi nào chúng ta tới nơi?', 'when-do-we-arrive', '/uploads/Audio/phrases/Du-lich-va-phuong-huong/slow/whenDoWeArrive.mp3', '/uploads/Audio/phrases/Du-lich-va-phuong-huong/normal/whenDoWeArrive.mp3', 3, '2017-07-12 18:36:03', '2017-07-12 18:36:03'),
(203, 'When do we leave?', 'Khi nào chúng ta ra đi?', 'when-do-we-leave', '/uploads/Audio/phrases/Du-lich-va-phuong-huong/slow/whenDoWeArrive.mp3', '/uploads/Audio/phrases/Du-lich-va-phuong-huong/normal/whenDoWeArrive.mp3', 3, '2017-07-12 18:36:38', '2017-07-12 18:36:38'),
(204, 'Where can I mail this?', 'Tôi có thể gửi thư này ở đâu?', 'where-can-i-mail-this', '/uploads/Audio/phrases/Du-lich-va-phuong-huong/slow/whereCanIMailThis.mp3', '/uploads/Audio/phrases/Du-lich-va-phuong-huong/normal/whereCanIMailThis.mp3', 3, '2017-07-12 18:39:32', '2017-07-12 18:39:32'),
(205, 'Where is she from?', 'Cô ta từ đâu tới?', 'where-is-she-from', '/uploads/Audio/phrases/Du-lich-va-phuong-huong/slow/whereIsSheFrom.mp3', '/uploads/Audio/phrases/Du-lich-va-phuong-huong/normal/whereIsSheFrom.mp3', 3, '2017-07-12 18:40:03', '2017-07-12 18:40:03'),
(206, 'Where is the bathroom?', 'Phòng tắm ở đâu?', 'where-is-the-bathroom', '/uploads/Audio/phrases/Du-lich-va-phuong-huong/slow/whereIsTheBathroom.mp3', '/uploads/Audio/phrases/Du-lich-va-phuong-huong/normal/whereIsTheBathroom.mp3', 3, '2017-07-12 18:40:32', '2017-07-12 18:40:32'),
(207, 'Why not?', 'Tại sao không?', 'why-not', '/uploads/Audio/phrases/Du-lich-va-phuong-huong/slow/whyNot.mp3', '/uploads/Audio/phrases/Du-lich-va-phuong-huong/normal/whyNot.mp3', 3, '2017-07-12 18:41:05', '2017-07-12 18:41:05'),
(208, 'Will you remind me', 'Làm ơn nhắc tôi', 'will-you-remind-me', '/uploads/Audio/phrases/Du-lich-va-phuong-huong/slow/willYouRemindMe.mp3', '/uploads/Audio/phrases/Du-lich-va-phuong-huong/normal/willYouRemindMe.mp3', 3, '2017-07-12 18:43:15', '2017-07-12 18:43:15'),
(209, '11 dollars', '11 đô', '11-dollars', '/uploads/Audio/phrases/Con-so-va-tien-bac/slow/11Dollars.mp3', '/uploads/Audio/phrases/Con-so-va-tien-bac/normal/11Dollars.mp3', 4, '2017-07-12 18:46:07', '2017-07-12 18:46:07'),
(210, '52 cents', '52 xu', '52-cents', '/uploads/Audio/phrases/Con-so-va-tien-bac/slow/52Cents.mp3', '/uploads/Audio/phrases/Con-so-va-tien-bac/normal/52Cents.mp3', 4, '2017-07-12 18:48:11', '2017-07-12 18:48:11'),
(211, 'A few', 'Một vài', 'a-few', '/uploads/Audio/phrases/Con-so-va-tien-bac/slow/aFew.mp3', '/uploads/Audio/phrases/Con-so-va-tien-bac/normal/aFew.mp3', 4, '2017-07-12 18:49:09', '2017-07-12 18:49:35'),
(212, 'A little', 'Một ít', 'a-little', '/uploads/Audio/phrases/Con-so-va-tien-bac/slow/aLittle.mp3', '/uploads/Audio/phrases/Con-so-va-tien-bac/normal/aLittle.mp3', 4, '2017-07-12 18:50:08', '2017-07-12 18:50:08'),
(213, 'Call the police', 'Gọi cảnh sát', 'call-the-police', '/uploads/Audio/phrases/Con-so-va-tien-bac/slow/callThePolice.mp3', '/uploads/Audio/phrases/Con-so-va-tien-bac/normal/callThePolice.mp3', 4, '2017-07-12 18:50:38', '2017-07-12 18:50:38'),
(214, 'Did your wife like California?', 'Vợ của bạn có thích California không?', 'did-your-wife-like-california', '/uploads/Audio/phrases/Con-so-va-tien-bac/slow/didYourWifeLikeCalifornia.mp3', '/uploads/Audio/phrases/Con-so-va-tien-bac/normal/didYourWifeLikeCalifornia.mp3', 4, '2017-07-12 18:51:18', '2017-07-12 18:51:18'),
(215, 'Do you have any coffee?', 'Bạn có cà phê không?', 'do-you-have-any-coffee', '/uploads/Audio/phrases/Con-so-va-tien-bac/slow/doYouHaveAnyCoffee.mp3', '/uploads/Audio/phrases/Con-so-va-tien-bac/normal/doYouHaveAnyCoffee.mp3', 4, '2017-07-12 18:51:59', '2017-07-12 18:51:59'),
(216, 'Do you have anything cheaper?', 'Bạn có thứ gì rẻ hơn không?', 'do-you-have-anything-cheaper', '/uploads/Audio/phrases/Con-so-va-tien-bac/slow/doYouHaveAnythingCheaper.mp3', '/uploads/Audio/phrases/Con-so-va-tien-bac/normal/doYouHaveAnythingCheaper.mp3', 4, '2017-07-12 18:52:59', '2017-07-12 18:52:59'),
(217, 'Do you take credit cards?', 'Bạn có nhận thẻ tín dụng không?', 'do-you-take-credit-cards', '/uploads/Audio/phrases/Con-so-va-tien-bac/slow/doYouTakeCreditCards.mp3', '/uploads/Audio/phrases/Con-so-va-tien-bac/normal/doYouTakeCreditCards.mp3', 4, '2017-07-12 18:53:39', '2017-07-12 18:53:39'),
(218, 'How are you paying?', 'Bạn trả bằng gì?', 'how-are-you-paying', '/uploads/Audio/phrases/Con-so-va-tien-bac/slow/howAreYouPaying.mp3', '/uploads/Audio/phrases/Con-so-va-tien-bac/normal/howAreYouPaying.mp3', 4, '2017-07-12 18:54:08', '2017-07-12 18:54:08'),
(219, 'How many people are there in New York?', 'Ở New York có bao nhiêu người?', 'how-many-people-are-there-in-new-york', '/uploads/Audio/phrases/Con-so-va-tien-bac/slow/howManyPeopleAreThereInNY.mp3', '/uploads/Audio/phrases/Con-so-va-tien-bac/normal/howManyPeopleAreThereInNY.mp3', 4, '2017-07-12 18:54:51', '2017-07-12 18:54:51'),
(220, 'How much are these earrings?', 'Đôi bông tai này giá bao nhiêu?', 'how-much-are-these-earrings', '/uploads/Audio/phrases/Con-so-va-tien-bac/slow/howMuchAreTheseEarrings.mp3', '/uploads/Audio/phrases/Con-so-va-tien-bac/normal/howMuchAreTheseEarrings.mp3', 4, '2017-07-12 18:55:24', '2017-07-12 18:55:24'),
(221, 'How much does it cost per day?', 'Giá bao nhiêu một ngày?', 'how-much-does-it-cost-per-day', '/uploads/Audio/phrases/Con-so-va-tien-bac/slow/howMuchDoesItCostPerDay.mp3', '/uploads/Audio/phrases/Con-so-va-tien-bac/normal/howMuchDoesItCostPerDay.mp3', 4, '2017-07-12 18:55:53', '2017-07-12 18:55:53'),
(222, 'How much does this cost?', 'Nó giá bao nhiêu?', 'how-much-does-this-cost', '/uploads/Audio/phrases/Con-so-va-tien-bac/slow/howMuchDoesThisCost.mp3', '/uploads/Audio/phrases/Con-so-va-tien-bac/normal/howMuchDoesThisCost.mp3', 4, '2017-07-12 18:56:27', '2017-07-12 18:56:27'),
(223, 'How much do I owe you?', 'Tôi nợ bạn bao nhiêu?', 'how-much-do-i-owe-you', '/uploads/Audio/phrases/Con-so-va-tien-bac/slow/howMuchDoIOweYou.mp3', '/uploads/Audio/phrases/Con-so-va-tien-bac/normal/howMuchDoIOweYou.mp3', 4, '2017-07-12 18:56:58', '2017-07-12 18:56:58'),
(224, 'How much is it to go to Miami?', 'Tới Miami giá bao nhiêu?', 'how-much-is-it-to-go-to-miami', '/uploads/Audio/phrases/Con-so-va-tien-bac/slow/howMuchIsItToGoToMiami.mp3', '/uploads/Audio/phrases/Con-so-va-tien-bac/normal/howMuchIsItToGoToMiami.mp3', 4, '2017-07-12 18:57:30', '2017-07-12 18:57:30'),
(225, 'How much money do you make?', 'Bạn kiếm bao nhiêu tiền?', 'how-much-money-do-you-make', '/uploads/Audio/phrases/Con-so-va-tien-bac/slow/howMuchMoneyDoYouMake.mp3', '/uploads/Audio/phrases/Con-so-va-tien-bac/normal/howMuchMoneyDoYouMake.mp3', 4, '2017-07-12 18:57:59', '2017-07-12 18:57:59'),
(226, 'I''d like to eat at 5th street restaurant', 'Tôi muốn ăn ở nhà hàng trên đường số 5', 'id-like-to-eat-at-5th-street-restaurant', '/uploads/Audio/phrases/Con-so-va-tien-bac/slow/IdLikeToEatAt5thStreetRestaurant.mp3', '/uploads/Audio/phrases/Con-so-va-tien-bac/normal/IdLikeToEatAt5thStreetRestaurant.mp3', 4, '2017-07-12 18:58:36', '2017-07-12 18:58:36'),
(227, 'I don''t have a girlfriend', 'Tôi không có bạn gái', 'i-dont-have-a-girlfriend', '/uploads/Audio/phrases/Con-so-va-tien-bac/slow/iDontHaveAGirlfriend.mp3', '/uploads/Audio/phrases/Con-so-va-tien-bac/normal/iDontHaveAGirlfriend.mp3', 4, '2017-07-12 18:59:10', '2017-07-12 18:59:10'),
(228, 'I don''t have any money', 'Tôi không có tiền', 'i-dont-have-any-money', '/uploads/Audio/phrases/Con-so-va-tien-bac/slow/iDontHaveAnyMoney.mp3', '/uploads/Audio/phrases/Con-so-va-tien-bac/normal/iDontHaveAnyMoney.mp3', 4, '2017-07-12 18:59:46', '2017-07-12 18:59:46'),
(229, 'I have a reservation', 'Tôi đã đặt trước', 'i-have-a-reservation', '/uploads/Audio/phrases/Con-so-va-tien-bac/slow/IHaveAReservation.mp3', '/uploads/Audio/phrases/Con-so-va-tien-bac/normal/IHaveAReservation.mp3', 4, '2017-07-12 19:00:20', '2017-07-12 19:00:20'),
(230, 'I''ll have the same thing', 'Tôi sẽ có cùng món như vậy', 'ill-have-the-same-thing', '/uploads/Audio/phrases/Con-so-va-tien-bac/slow/illHaveTheSameThing.mp3', '/uploads/Audio/phrases/Con-so-va-tien-bac/normal/illHaveTheSameThing.mp3', 4, '2017-07-12 19:01:13', '2017-07-12 19:01:13'),
(231, 'I''ll pay for dinner', 'Tôi sẽ trả tiền cho bữa tối', 'ill-pay-for-dinner', '/uploads/Audio/phrases/Con-so-va-tien-bac/slow/illPayForDinner.mp3', '/uploads/Audio/phrases/Con-so-va-tien-bac/normal/illPayForDinner.mp3', 4, '2017-07-12 19:01:56', '2017-07-12 19:01:56'),
(232, 'I''ll pay for the tickets', 'Tôi sẽ trả tiền vé', 'ill-pay-for-the-tickets', '/uploads/Audio/phrases/Con-so-va-tien-bac/slow/illPayForTheTickets.mp3', '/uploads/Audio/phrases/Con-so-va-tien-bac/normal/illPayForTheTickets.mp3', 4, '2017-07-12 19:03:12', '2017-07-12 19:03:12'),
(233, 'I''m 26 years old', 'Tôi 26 tuổi', 'im-26-years-old', '/uploads/Audio/phrases/Con-so-va-tien-bac/slow/im26YearsOld.mp3', '/uploads/Audio/phrases/Con-so-va-tien-bac/normal/im26YearsOld.mp3', 4, '2017-07-12 19:04:02', '2017-07-12 19:04:02'),
(234, 'I need to practice my English', 'Tôi cần thực hành tiếng Anh', 'i-need-to-practice-my-english', '/uploads/Audio/phrases/Con-so-va-tien-bac/slow/INeedToPracticeMyEnglish.mp3', '/uploads/Audio/phrases/Con-so-va-tien-bac/normal/INeedToPracticeMyEnglish.mp3', 4, '2017-07-12 19:04:40', '2017-07-12 19:04:40'),
(235, 'Isn''t it?', 'Phải không?', 'isnt-it', '/uploads/Audio/phrases/Con-so-va-tien-bac/slow/isntIt.mp3', '/uploads/Audio/phrases/Con-so-va-tien-bac/normal/isntIt.mp3', 4, '2017-07-12 19:05:14', '2017-07-12 19:05:14'),
(236, 'Is that ok?', 'Như vậy được không?', 'is-that-ok', '/uploads/Audio/phrases/Con-so-va-tien-bac/slow/isThatOk.mp3', '/uploads/Audio/phrases/Con-so-va-tien-bac/normal/isThatOk.mp3', 4, '2017-07-12 19:05:43', '2017-07-12 19:05:43'),
(237, 'Is there any mail for me?', 'Có thư cho tôi không?', 'is-there-any-mail-for-me', '/uploads/Audio/phrases/Con-so-va-tien-bac/slow/isThereAnyMailForMe.mp3', '/uploads/Audio/phrases/Con-so-va-tien-bac/normal/isThereAnyMailForMe.mp3', 4, '2017-07-12 19:06:15', '2017-07-12 19:06:15'),
(238, 'It''s 11:30pm', 'Bây giờ là 11:30 tối', 'its-1130pm', '/uploads/Audio/phrases/Con-so-va-tien-bac/slow/its1130.mp3', '/uploads/Audio/phrases/Con-so-va-tien-bac/normal/its1130.mp3', 4, '2017-07-12 19:06:58', '2017-07-12 19:06:58'),
(239, 'It''s is a quarter past nine', 'Bây giờ là 9 giờ 15', 'its-is-a-quarter-past-nine', '/uploads/Audio/phrases/Con-so-va-tien-bac/slow/itsAQuarterPast9.mp3', '/uploads/Audio/phrases/Con-so-va-tien-bac/normal/itsAQuarterPast9.mp3', 4, '2017-07-12 19:11:56', '2017-07-12 19:11:56'),
(240, 'Please come in', 'Làm ơn vào đi', 'please-come-in', '/uploads/Audio/phrases/Con-so-va-tien-bac/slow/pleaseComeIn.mp3', '/uploads/Audio/phrases/Con-so-va-tien-bac/normal/pleaseComeIn.mp3', 4, '2017-07-12 19:12:29', '2017-07-12 19:12:29'),
(241, 'Sorry, we don''t accept credit cards', 'Xin lỗi, chúng tôi không nhận thẻ tín dụng', 'sorry-we-dont-accept-credit-cards', '/uploads/Audio/phrases/Con-so-va-tien-bac/slow/sorryWeDontAcceptCreditCards.mp3', '/uploads/Audio/phrases/Con-so-va-tien-bac/normal/sorryWeDontAcceptCreditCards.mp3', 4, '2017-07-12 19:13:12', '2017-07-12 19:13:12'),
(242, 'Sorry, we only accept Cash', 'Xin lỗi, chúng tôi chỉ nhận tiền mặt', 'sorry-we-only-accept-cash', '/uploads/Audio/phrases/Con-so-va-tien-bac/slow/sorryWeOnlyAcceptCash.mp3', '/uploads/Audio/phrases/Con-so-va-tien-bac/normal/sorryWeOnlyAcceptCash.mp3', 4, '2017-07-12 19:13:47', '2017-07-12 19:13:47'),
(243, 'That restaurant is not expensive', 'Nhà hàng đó không đắt', 'that-restaurant-is-not-expensive', '/uploads/Audio/phrases/Con-so-va-tien-bac/slow/thatRestaurantIsNotExpensive.mp3', '/uploads/Audio/phrases/Con-so-va-tien-bac/normal/thatRestaurantIsNotExpensive.mp3', 4, '2017-07-12 19:14:27', '2017-07-12 19:14:27'),
(244, 'That''s too expensive', 'Như vậy đắt quá', 'thats-too-expensive', '/uploads/Audio/phrases/Con-so-va-tien-bac/slow/thatsTooExpensive.mp3', '/uploads/Audio/phrases/Con-so-va-tien-bac/normal/thatsTooExpensive.mp3', 4, '2017-07-12 19:15:09', '2017-07-12 19:15:09'),
(245, 'There are many people here', 'Ở đây có nhiều người', 'there-are-many-people-here', '/uploads/Audio/phrases/Con-so-va-tien-bac/slow/thereAreManyPeopleHere.mp3', '/uploads/Audio/phrases/Con-so-va-tien-bac/normal/thereAreManyPeopleHere.mp3', 4, '2017-07-12 19:15:40', '2017-07-12 19:15:40'),
(246, 'They charge 26 dollars per day', 'Họ tính 26 đô một ngày', 'they-charge-26-dollars-per-day', '/uploads/Audio/phrases/Con-so-va-tien-bac/slow/theyCharge26DollarsPerDay.mp3', '/uploads/Audio/phrases/Con-so-va-tien-bac/normal/theyCharge26DollarsPerDay.mp3', 4, '2017-07-12 19:16:11', '2017-07-12 19:16:11'),
(247, 'What''s the exchange rate for dollars?', 'Hối suất đô la là bao nhiêu?', 'whats-the-exchange-rate-for-dollars', '/uploads/Audio/phrases/Con-so-va-tien-bac/slow/whatsTheExcahngeRateForDollars.mp3', '/uploads/Audio/phrases/Con-so-va-tien-bac/normal/whatsTheExcahngeRateForDollars.mp3', 4, '2017-07-12 19:16:51', '2017-07-12 19:16:51'),
(248, 'What''s the phone number?', 'Số điện thoại là gì?', 'whats-the-phone-number', '/uploads/Audio/phrases/Con-so-va-tien-bac/slow/whatsThePhoneNumber.mp3', '/uploads/Audio/phrases/Con-so-va-tien-bac/normal/whatsThePhoneNumber.mp3', 4, '2017-07-12 19:17:33', '2017-07-12 19:17:33'),
(249, 'Where can I buy tickets?', 'Tôi có thể mua vé ở đâu?', 'where-can-i-buy-tickets', '/uploads/Audio/phrases/Con-so-va-tien-bac/slow/whereCanIBuyTickets.mp3', '/uploads/Audio/phrases/Con-so-va-tien-bac/normal/whereCanIBuyTickets.mp3', 4, '2017-07-12 19:18:06', '2017-07-12 19:18:06'),
(250, 'Where would you like to meet?', 'Bạn muốn gặp nhau ở đâu?', 'where-would-you-like-to-meet', '/uploads/Audio/phrases/Con-so-va-tien-bac/slow/whereWouldYouLikeToMeet.mp3', '/uploads/Audio/phrases/Con-so-va-tien-bac/normal/whereWouldYouLikeToMeet.mp3', 4, '2017-07-12 19:18:47', '2017-07-12 19:18:47'),
(251, 'Which one is better?', 'Cái nào tốt hơn?', 'which-one-is-better', '/uploads/Audio/phrases/Con-so-va-tien-bac/slow/whichOneIsBetter.mp3', '/uploads/Audio/phrases/Con-so-va-tien-bac/normal/whichOneIsBetter.mp3', 4, '2017-07-12 19:19:22', '2017-07-12 19:19:22'),
(252, 'Across from the post office', 'Đối diện bưu điện', 'across-from-the-post-office', '/uploads/Audio/phrases/Dia-diem/slow/acrossFromThePostOffice.mp3', '/uploads/Audio/phrases/Dia-diem/normal/acrossFromThePostOffice.mp3', 5, '2017-07-12 19:22:14', '2017-07-12 19:22:14'),
(253, 'At 3 o''clock', 'Lúc 3 giờ', 'at-3-oclock', '/uploads/Audio/phrases/Dia-diem/slow/at3Oclock.mp3', '/uploads/Audio/phrases/Dia-diem/normal/at3Oclock.mp3', 5, '2017-07-12 19:22:41', '2017-07-12 19:22:41'),
(254, 'Be quiet', 'Hãy yên lặng', 'be-quiet', '/uploads/Audio/phrases/Dia-diem/slow/beQuiet.mp3', '/uploads/Audio/phrases/Dia-diem/normal/beQuiet.mp3', 5, '2017-07-12 19:23:16', '2017-07-12 19:23:16'),
(255, 'Can you recommend a good restaurant?', 'Bạn có thể đề nghị một nhà hàng ngon không?', 'can-you-recommend-a-good-restaurant', '/uploads/Audio/phrases/Dia-diem/slow/canYouRecommendAGoodRestaurant.mp3', '/uploads/Audio/phrases/Dia-diem/normal/canYouRecommendAGoodRestaurant.mp3', 5, '2017-07-12 19:23:45', '2017-07-12 19:23:45'),
(256, 'Here it is', 'Nó đây', 'here-it-is', '/uploads/Audio/phrases/Dia-diem/slow/hereItIs.mp3', '/uploads/Audio/phrases/Dia-diem/normal/hereItIs.mp3', 5, '2017-07-12 19:24:23', '2017-07-12 19:24:23'),
(257, 'Here you are', 'Đây nè', 'here-you-are', '/uploads/Audio/phrases/Dia-diem/slow/hereYouAre.mp3', '/uploads/Audio/phrases/Dia-diem/normal/hereYouAre.mp3', 5, '2017-07-12 19:25:04', '2017-07-12 19:25:04'),
(258, 'He''s in the kitchen', 'Anh ta ở trong bếp', 'hes-in-the-kitchen', '/uploads/Audio/phrases/Dia-diem/slow/hesInTheKitchen.mp3', '/uploads/Audio/phrases/Dia-diem/normal/hesInTheKitchen.mp3', 5, '2017-07-12 19:25:40', '2017-07-12 19:25:40'),
(259, 'He studies at Boston University', 'Anh ta học ở đại học Boston', 'he-studies-at-boston-university', '/uploads/Audio/phrases/Dia-diem/slow/heStudiesAtBostonUniversity.mp3', '/uploads/Audio/phrases/Dia-diem/normal/heStudiesAtBostonUniversity.mp3', 5, '2017-07-12 19:26:13', '2017-07-12 19:26:13'),
(260, 'How far is it?', 'Nó bao xa?', 'how-far-is-it', '/uploads/Audio/phrases/Dia-diem/slow/howFarIsIt.mp3', '/uploads/Audio/phrases/Dia-diem/normal/howFarIsIt.mp3', 5, '2017-07-12 19:27:01', '2017-07-12 19:27:01'),
(261, 'How far is it to Chicago?', 'Tới Chicago bao xa?', 'how-far-is-it-to-chicago', '/uploads/Audio/phrases/Dia-diem/slow/howFarIsItToChicago.mp3', '/uploads/Audio/phrases/Dia-diem/normal/howFarIsItToChicago.mp3', 5, '2017-07-12 19:27:34', '2017-07-12 19:27:34'),
(262, 'How many miles is it to Pennsylvania?', 'Tới Pennsylvania bao nhiêu dặm?', 'how-many-miles-is-it-to-pennsylvania', '/uploads/Audio/phrases/Dia-diem/slow/howManyMilesIsItToPenn.mp3', '/uploads/Audio/phrases/Dia-diem/normal/howManyMilesIsItToPenn.mp3', 5, '2017-07-12 19:28:21', '2017-07-12 19:28:21'),
(263, 'I''d like a single room', 'Tôi muốn một phòng đơn', 'id-like-a-single-room', '/uploads/Audio/phrases/Dia-diem/slow/IdLikeASingleRoom.mp3', '/uploads/Audio/phrases/Dia-diem/normal/IdLikeASingleRoom.mp3', 5, '2017-07-12 19:28:56', '2017-07-12 19:28:56'),
(264, 'I like to watch TV', 'Tôi thích xem tivi', 'i-like-to-watch-tv', '/uploads/Audio/phrases/Dia-diem/slow/ILikeToWatchTV.mp3', '/uploads/Audio/phrases/Dia-diem/normal/ILikeToWatchTV.mp3', 5, '2017-07-12 19:29:53', '2017-07-12 19:29:53'),
(265, 'It''s delicious', 'Món này ngon', 'its-delicious', '/uploads/Audio/phrases/Dia-diem/slow/itsDelicious.mp3', '/uploads/Audio/phrases/Dia-diem/normal/itsDelicious.mp3', 5, '2017-07-12 19:30:38', '2017-07-12 19:30:38'),
(266, 'It''s half past 11', 'Bây giờ là 11 giờ rưỡi', 'its-half-past-11', '/uploads/Audio/phrases/Dia-diem/slow/itsHalfPast11.mp3', '/uploads/Audio/phrases/Dia-diem/normal/itsHalfPast11.mp3', 5, '2017-07-12 19:31:10', '2017-07-12 19:31:10'),
(267, 'It''s less than 5 dollars', 'Nó ít hơn 5 đô', 'its-less-than-5-dollars', '/uploads/Audio/phrases/Dia-diem/slow/itsLessThan5Dollars.mp3', '/uploads/Audio/phrases/Dia-diem/normal/itsLessThan5Dollars.mp3', 5, '2017-07-12 19:31:50', '2017-07-12 19:31:50'),
(268, 'It''s more than 5 dollars', 'Nó hơn 5 đô', 'its-more-than-5-dollars', '/uploads/Audio/phrases/Dia-diem/slow/itsMoreThan5Dollars.mp3', '/uploads/Audio/phrases/Dia-diem/normal/itsMoreThan5Dollars.mp3', 5, '2017-07-12 19:32:19', '2017-07-12 19:32:19'),
(269, 'It''s near the Supermarket', 'Nó gần siêu thị', 'its-near-the-supermarket', '/uploads/Audio/phrases/Dia-diem/slow/itsNearTheSupermarket.mp3', '/uploads/Audio/phrases/Dia-diem/normal/itsNearTheSupermarket.mp3', 5, '2017-07-12 19:32:50', '2017-07-12 19:32:50'),
(270, 'It''s not suppose to rain today', 'Hôm nay có lẽ không mưa', 'its-not-suppose-to-rain-today', '/uploads/Audio/phrases/Dia-diem/slow/itsNotSupposeToRainToday.mp3', '/uploads/Audio/phrases/Dia-diem/normal/itsNotSupposeToRainToday.mp3', 5, '2017-07-12 19:33:31', '2017-07-13 00:26:35'),
(271, 'It''s ok', 'Được rồi', 'its-ok', '/uploads/Audio/phrases/Dia-diem/slow/itsOk.mp3', '/uploads/Audio/phrases/Dia-diem/normal/itsOk.mp3', 5, '2017-07-12 19:34:14', '2017-07-12 19:34:14'),
(272, 'It''s on 7th street', 'Nó trên đường số 7', 'its-on-7th-street', '/uploads/Audio/phrases/Dia-diem/slow/itsOn7thStreet.mp3', '/uploads/Audio/phrases/Dia-diem/normal/itsOn7thStreet.mp3', 5, '2017-07-12 19:35:21', '2017-07-12 19:35:21'),
(273, 'It''s really hot', 'Thực là nóng', 'its-really-hot', '/uploads/Audio/phrases/Dia-diem/slow/itsReallyHot.mp3', '/uploads/Audio/phrases/Dia-diem/normal/itsReallyHot.mp3', 5, '2017-07-12 19:35:51', '2017-07-12 19:35:51'),
(274, 'It''s suppose to rain tomorrow', 'Trời có thể mưa ngày mai', 'its-suppose-to-rain-tomorrow', '/uploads/Audio/phrases/Dia-diem/slow/itsSupposeToRainTomorrow.mp3', '/uploads/Audio/phrases/Dia-diem/normal/itsSupposeToRainTomorrow.mp3', 5, '2017-07-12 19:36:27', '2017-07-12 19:36:27'),
(275, 'I was going to the library', 'Tôi sắp đi tới thư viện', 'i-was-going-to-the-library', '/uploads/Audio/phrases/Dia-diem/slow/IWasGoingToTheLibrary.mp3', '/uploads/Audio/phrases/Dia-diem/normal/IWasGoingToTheLibrary.mp3', 5, '2017-07-12 19:36:57', '2017-07-12 19:36:57'),
(276, 'I was in the library', 'Tôi ở trong thư viện', 'i-was-in-the-library', '/uploads/Audio/phrases/Dia-diem/slow/IWasInTheLibrary.mp3', '/uploads/Audio/phrases/Dia-diem/normal/IWasInTheLibrary.mp3', 5, '2017-07-12 19:37:42', '2017-07-12 19:37:42'),
(277, 'Let''s go', 'Chúng ta đi', 'lets-go', '/uploads/Audio/phrases/Dia-diem/slow/letsGo.mp3', '/uploads/Audio/phrases/Dia-diem/normal/letsGo.mp3', 5, '2017-07-12 19:38:17', '2017-07-12 19:38:17'),
(278, 'Maybe', 'Có lẽ', 'maybe', '/uploads/Audio/phrases/Dia-diem/slow/maybe.mp3', '/uploads/Audio/phrases/Dia-diem/normal/maybe.mp3', 5, '2017-07-12 19:38:54', '2017-07-12 19:38:54'),
(279, 'More than 200 miles', 'Hơn 200 dặm', 'more-than-200-miles', '/uploads/Audio/phrases/Dia-diem/slow/moreThan200Miles.mp3', '/uploads/Audio/phrases/Dia-diem/normal/moreThan200Miles.mp3', 5, '2017-07-12 19:39:45', '2017-07-12 19:39:45'),
(280, 'My house is close to the bank', 'Nhà tôi gần ngân hàng', 'my-house-is-close-to-the-bank', '/uploads/Audio/phrases/Dia-diem/slow/myHouseIsCloseToTheBank.mp3', '/uploads/Audio/phrases/Dia-diem/normal/myHouseIsCloseToTheBank.mp3', 5, '2017-07-12 19:40:21', '2017-07-12 19:40:21'),
(281, 'Near the bank', 'Gần ngân hàng', 'near-the-bank', '/uploads/Audio/phrases/Dia-diem/slow/nearTheBank.mp3', '/uploads/Audio/phrases/Dia-diem/normal/nearTheBank.mp3', 5, '2017-07-12 19:40:59', '2017-07-12 19:40:59'),
(282, 'On the left', 'Bên trái', 'on-the-left', '/uploads/Audio/phrases/Dia-diem/slow/onTheLeft.mp3', '/uploads/Audio/phrases/Dia-diem/normal/onTheLeft.mp3', 5, '2017-07-12 19:42:08', '2017-07-12 19:42:08'),
(283, 'On the right', 'Bên phải', 'on-the-right', '/uploads/Audio/phrases/Dia-diem/slow/onTheRight.mp3', '/uploads/Audio/phrases/Dia-diem/normal/onTheRight.mp3', 5, '2017-07-12 19:42:54', '2017-07-12 19:42:54'),
(284, 'On the second floor', 'Trên tầng hai', 'on-the-second-floor', '/uploads/Audio/phrases/Dia-diem/slow/onTheSecondFloor.mp3', '/uploads/Audio/phrases/Dia-diem/normal/onTheSecondFloor.mp3', 5, '2017-07-12 19:43:29', '2017-07-12 19:43:29'),
(285, 'Outside the hotel', 'Bên ngoài khách sạn', 'outside-the-hotel', '/uploads/Audio/phrases/Dia-diem/slow/outsideTheHotel.mp3', '/uploads/Audio/phrases/Dia-diem/normal/outsideTheHotel.mp3', 5, '2017-07-12 19:44:06', '2017-07-12 19:44:06'),
(286, 'Over here', 'Ở đây', 'over-here', '/uploads/Audio/phrases/Dia-diem/slow/overHere.mp3', '/uploads/Audio/phrases/Dia-diem/normal/overHere.mp3', 5, '2017-07-12 19:44:54', '2017-07-12 19:44:54'),
(287, 'Over there', 'Ở đằng kia', 'over-there', '/uploads/Audio/phrases/Dia-diem/slow/overThere.mp3', '/uploads/Audio/phrases/Dia-diem/normal/overThere.mp3', 5, '2017-07-12 19:45:25', '2017-07-12 19:45:25'),
(288, 'The book is behind the table', 'Quyển sách ở sau cái bàn', 'the-book-is-behind-the-table', '/uploads/Audio/phrases/Dia-diem/slow/theBookIsBehinedTheTable.mp3', '/uploads/Audio/phrases/Dia-diem/normal/theBookIsBehinedTheTable.mp3', 5, '2017-07-12 19:46:19', '2017-07-12 19:46:19'),
(289, 'The book is in front of the table', 'Quyển sách ở trước cái bàn', 'the-book-is-in-front-of-the-table', '/uploads/Audio/phrases/Dia-diem/slow/theBookIsInFrontOfTheTable.mp3', '/uploads/Audio/phrases/Dia-diem/normal/theBookIsInFrontOfTheTable.mp3', 5, '2017-07-12 19:46:59', '2017-07-12 19:46:59'),
(290, 'The book is near the table', 'Quyển sách ở gần cái bàn', 'the-book-is-near-the-table', '/uploads/Audio/phrases/Dia-diem/slow/theBookIsNearTheTable.mp3', '/uploads/Audio/phrases/Dia-diem/normal/theBookIsNearTheTable.mp3', 5, '2017-07-12 19:47:31', '2017-07-12 19:47:31'),
(291, 'The book is next to the table', 'Quyển sách ở cạnh cái bàn', 'the-book-is-next-to-the-table', '/uploads/Audio/phrases/Dia-diem/slow/theBookIsNextToTheTable.mp3', '/uploads/Audio/phrases/Dia-diem/normal/theBookIsNextToTheTable.mp3', 5, '2017-07-12 19:48:02', '2017-07-12 19:48:02'),
(292, 'The book is on top of the table', 'Quyển sách ở trên mặt bàn', 'the-book-is-on-top-of-the-table', '/uploads/Audio/phrases/Dia-diem/slow/theBookIsOnTopOfTheTable.mp3', '/uploads/Audio/phrases/Dia-diem/normal/theBookIsOnTopOfTheTable.mp3', 5, '2017-07-12 19:48:43', '2017-07-12 19:48:43'),
(293, 'There are some books on the table', 'Có vài quyển sách trên bàn', 'there-are-some-books-on-the-table', '/uploads/Audio/phrases/Dia-diem/slow/thereAreSomeBooksOnTheTable.mp3', '/uploads/Audio/phrases/Dia-diem/normal/thereAreSomeBooksOnTheTable.mp3', 5, '2017-07-12 19:49:21', '2017-07-12 19:49:21'),
(294, 'There''s a book under the table', 'Có một quyển sách dưới bàn', 'theres-a-book-under-the-table', '/uploads/Audio/phrases/Dia-diem/slow/theresABookUnderTheTable.mp3', '/uploads/Audio/phrases/Dia-diem/normal/theresABookUnderTheTable.mp3', 5, '2017-07-12 19:50:07', '2017-07-12 19:50:07'),
(295, 'We''re from California', 'Chúng tôi từ California', 'were-from-california', '/uploads/Audio/phrases/Dia-diem/slow/wereFromCalifornia.mp3', '/uploads/Audio/phrases/Dia-diem/normal/wereFromCalifornia.mp3', 5, '2017-07-12 19:51:01', '2017-07-12 19:51:01'),
(296, 'What''s the address?', 'Địa chỉ là gì?', 'whats-the-address', '/uploads/Audio/phrases/Dia-diem/slow/whatsTheAddress.mp3', '/uploads/Audio/phrases/Dia-diem/normal/whatsTheAddress.mp3', 5, '2017-07-12 19:51:30', '2017-07-12 19:53:48'),
(297, 'Where are you going?', 'Bạn sẽ đi đâu?', 'where-are-you-going', '/uploads/Audio/phrases/Dia-diem/slow/whereAreYouGoing.mp3', '/uploads/Audio/phrases/Dia-diem/normal/whereAreYouGoing.mp3', 5, '2017-07-12 19:52:48', '2017-07-12 19:52:48'),
(298, 'Where is it?', 'Nó ở đâu?', 'where-is-it', '/uploads/Audio/phrases/Dia-diem/slow/whereIsIt.mp3', '/uploads/Audio/phrases/Dia-diem/normal/whereIsIt.mp3', 5, '2017-07-12 19:54:58', '2017-07-12 19:54:58'),
(299, 'Where would you like to go?', 'Bạn muốn đi đâu?', 'where-would-you-like-to-go', '/uploads/Audio/phrases/Dia-diem/slow/whereWouldYouLikeToGo.mp3', '/uploads/Audio/phrases/Dia-diem/normal/whereWouldYouLikeToGo.mp3', 5, '2017-07-12 19:55:32', '2017-07-12 19:55:32'),
(300, 'Who won?', 'Ai đã thắng?', 'who-won', '/uploads/Audio/phrases/Dia-diem/slow/whoWon.mp3', '/uploads/Audio/phrases/Dia-diem/normal/whoWon.mp3', 5, '2017-07-12 19:56:04', '2017-07-12 19:56:04'),
(301, 'Can I see your passport please?', 'Làm ơn cho xem thông hành của bạn?', 'can-i-see-your-passport-please', '/uploads/Audio/phrases/Dien-thoai-internet-thu/slow/canISeeYourPassportPlease.mp3', '/uploads/Audio/phrases/Dien-thoai-internet-thu/normal/canISeeYourPassportPlease.mp3', 6, '2017-07-12 20:00:21', '2017-07-12 20:00:21'),
(302, 'Can I take a message?', 'Tôi có thể nhận một lời nhắn không?', 'can-i-take-a-message', '/uploads/Audio/phrases/Dien-thoai-internet-thu/slow/canITakeAMessage.mp3', '/uploads/Audio/phrases/Dien-thoai-internet-thu/normal/canITakeAMessage.mp3', 6, '2017-07-12 20:00:57', '2017-07-12 20:00:57'),
(303, 'Can I try it on?', 'Tôi có thể mặc thử không?', 'can-i-try-it-on', '/uploads/Audio/phrases/Dien-thoai-internet-thu/slow/canITryItOn.mp3', '/uploads/Audio/phrases/Dien-thoai-internet-thu/normal/canITryItOn.mp3', 6, '2017-07-12 20:01:52', '2017-07-12 20:01:52'),
(304, 'Can we sit over there?', 'Chúng tôi có thể ngồi ở đằng kia không?', 'can-we-sit-over-there', '/uploads/Audio/phrases/Dien-thoai-internet-thu/slow/canWeSitOverThere.mp3', '/uploads/Audio/phrases/Dien-thoai-internet-thu/normal/canWeSitOverThere.mp3', 6, '2017-07-12 20:02:50', '2017-07-12 20:02:50'),
(305, 'Did you come with your family?', 'Bạn tới với gia đình hả?', 'did-you-come-with-your-family', '/uploads/Audio/phrases/Dien-thoai-internet-thu/slow/didYouComeWithYourFamily.mp3', '/uploads/Audio/phrases/Dien-thoai-internet-thu/normal/didYouComeWithYourFamily.mp3', 6, '2017-07-12 20:03:22', '2017-07-12 20:03:22'),
(306, 'Do you think it''s possible?', 'Bạn có nghĩ điều đó có thể xảy ra không?', 'do-you-think-its-possible', '/uploads/Audio/phrases/Dien-thoai-internet-thu/slow/doYouThinkItsPossible.mp3', '/uploads/Audio/phrases/Dien-thoai-internet-thu/normal/doYouThinkItsPossible.mp3', 6, '2017-07-12 20:03:57', '2017-07-12 20:03:57'),
(307, 'Here''s my number', 'Đây là số của tôi', 'heres-my-number', '/uploads/Audio/phrases/Dien-thoai-internet-thu/slow/heresMyNumber.mp3', '/uploads/Audio/phrases/Dien-thoai-internet-thu/normal/heresMyNumber.mp3', 6, '2017-07-12 20:04:51', '2017-07-12 20:04:51'),
(308, 'He''s not in right now', 'Ngay lúc này anh ta không có đây', 'hes-not-in-right-now', '/uploads/Audio/phrases/Dien-thoai-internet-thu/slow/hesNotInRightNow.mp3', '/uploads/Audio/phrases/Dien-thoai-internet-thu/normal/hesNotInRightNow.mp3', 6, '2017-07-12 20:05:37', '2017-07-12 20:05:37'),
(309, 'Hi, is Mrs. Smith there, please?', 'Chào, có phải bà Smith ở đằng kia không?', 'hi-is-mrs-smith-there-please', '/uploads/Audio/phrases/Dien-thoai-internet-thu/slow/hiIsMrsSmithTherePlease.mp3', '/uploads/Audio/phrases/Dien-thoai-internet-thu/normal/hiIsMrsSmithTherePlease.mp3', 6, '2017-07-12 20:06:42', '2017-07-12 20:06:42'),
(310, 'I''d like some water too, please', 'Tôi cũng muốn một ít nước, xin vui lòng', 'id-like-some-water-too-please', '/uploads/Audio/phrases/Dien-thoai-internet-thu/slow/idLikeSomeWaterTooPlease.mp3', '/uploads/Audio/phrases/Dien-thoai-internet-thu/normal/idLikeSomeWaterTooPlease.mp3', 6, '2017-07-12 20:07:20', '2017-07-12 20:07:20'),
(311, 'I''d like to buy a bottle of water, please', 'Tôi muốn mua một chai nước, xin vui lòng', 'id-like-to-buy-a-bottle-of-water-please', '/uploads/Audio/phrases/Dien-thoai-internet-thu/slow/IdLikeToBuyABottleOfWaterPlease.mp3', '/uploads/Audio/phrases/Dien-thoai-internet-thu/normal/IdLikeToBuyABottleOfWaterPlease.mp3', 6, '2017-07-12 20:08:12', '2017-07-12 20:08:12'),
(312, 'I''d like to buy something', 'Tôi muốn mua một món đồ', 'id-like-to-buy-something', '/uploads/Audio/phrases/Dien-thoai-internet-thu/slow/IdLikeToBuySomething.mp3', '/uploads/Audio/phrases/Dien-thoai-internet-thu/normal/IdLikeToBuySomething.mp3', 6, '2017-07-12 20:08:52', '2017-07-12 20:08:52'),
(313, 'I''d like to go to the store', 'Tôi muốn đến cửa hàng', 'id-like-to-go-to-the-store', '/uploads/Audio/phrases/Dien-thoai-internet-thu/slow/IdLikeToGoToTheStore.mp3', '/uploads/Audio/phrases/Dien-thoai-internet-thu/normal/IdLikeToGoToTheStore.mp3', 6, '2017-07-12 20:09:41', '2017-07-12 20:09:41'),
(314, 'I''d like to rent a car', 'Tôi muốn thuê xe hơi', 'id-like-to-rent-a-car', '/uploads/Audio/phrases/Dien-thoai-internet-thu/slow/idLikeToRentACar.mp3', '/uploads/Audio/phrases/Dien-thoai-internet-thu/normal/idLikeToRentACar.mp3', 6, '2017-07-12 20:10:21', '2017-07-12 20:10:21'),
(315, 'I''d like to send a fax', 'Tôi muốn gửi phắc', 'id-like-to-send-a-fax', '/uploads/Audio/phrases/Dien-thoai-internet-thu/slow/idLikeToSendAFax.mp3', '/uploads/Audio/phrases/Dien-thoai-internet-thu/normal/idLikeToSendAFax.mp3', 4, '2017-07-12 20:10:59', '2017-07-12 20:10:59'),
(316, 'I''d like to send this to America', 'Tôi muốn gửi cái này đi Mỹ', 'id-like-to-send-this-to-america', '/uploads/Audio/phrases/Dien-thoai-internet-thu/slow/idLikeToSendThisToAmerica.mp3', '/uploads/Audio/phrases/Dien-thoai-internet-thu/normal/idLikeToSendThisToAmerica.mp3', 6, '2017-07-12 20:11:43', '2017-07-12 20:11:43'),
(317, 'I''d like to speak to Mr. Smith, please', 'Tôi muốn nói chuyện với ông Smith, xin vui lòng', 'id-like-to-speak-to-mr-smith-please', '/uploads/Audio/phrases/Dien-thoai-internet-thu/slow/idLikeToSpeakToMrSmithPlease.mp3', '/uploads/Audio/phrases/Dien-thoai-internet-thu/normal/idLikeToSpeakToMrSmithPlease.mp3', 6, '2017-07-12 20:12:34', '2017-07-12 20:12:34'),
(318, 'I have three children, two girls and one boy', 'Tôi có ba người con, hai gái một trai', 'i-have-three-children-two-girls-and-one-boy', '/uploads/Audio/phrases/Dien-thoai-internet-thu/slow/IHaveThreeChildrenTwoGirlsAndOneBoy.mp3', '/uploads/Audio/phrases/Dien-thoai-internet-thu/normal/IHaveThreeChildrenTwoGirlsAndOneBoy.mp3', 6, '2017-07-12 20:13:08', '2017-07-12 20:13:08'),
(319, 'I''ll be right back', 'Tôi sẽ trở lại ngay', 'ill-be-right-back', '/uploads/Audio/phrases/Dien-thoai-internet-thu/slow/illBeRightBack.mp3', '/uploads/Audio/phrases/Dien-thoai-internet-thu/normal/illBeRightBack.mp3', 6, '2017-07-12 20:13:47', '2017-07-12 20:13:47'),
(320, 'I''ll call back later', 'Tôi sẽ gọi lại sau', 'ill-call-back-later', '/uploads/Audio/phrases/Dien-thoai-internet-thu/slow/illCallBackLater.mp3', '/uploads/Audio/phrases/Dien-thoai-internet-thu/normal/illCallBackLater.mp3', 6, '2017-07-12 20:14:34', '2017-07-12 20:14:34'),
(321, 'I''ll call you on Friday', 'Tôi sẽ gọi bạn vào thứ sáu', 'ill-call-you-on-friday', '/uploads/Audio/phrases/Dien-thoai-internet-thu/slow/IllCallYouOnFriday.mp3', '/uploads/Audio/phrases/Dien-thoai-internet-thu/normal/IllCallYouOnFriday.mp3', 6, '2017-07-12 20:15:07', '2017-07-12 20:15:07'),
(322, 'I''ll teach you', 'Tôi sẽ dạy bạn', 'ill-teach-you', '/uploads/Audio/phrases/Dien-thoai-internet-thu/slow/illTeachYou.mp3', '/uploads/Audio/phrases/Dien-thoai-internet-thu/normal/illTeachYou.mp3', 6, '2017-07-12 20:15:40', '2017-07-12 20:15:40'),
(323, 'I''m ok', 'Tôi ổn', 'im-ok', '/uploads/Audio/phrases/Dien-thoai-internet-thu/slow/ImOk.mp3', '/uploads/Audio/phrases/Dien-thoai-internet-thu/normal/ImOk.mp3', 6, '2017-07-12 20:16:22', '2017-07-12 20:16:22'),
(324, 'I need some tissues', 'Tôi cần một ít khăn giấy', 'i-need-some-tissues', '/uploads/Audio/phrases/Dien-thoai-internet-thu/slow/INeedSomeTissues.mp3', '/uploads/Audio/phrases/Dien-thoai-internet-thu/normal/INeedSomeTissues.mp3', 6, '2017-07-12 20:16:58', '2017-07-12 20:16:58'),
(325, 'Is there an English speaking guide?', 'Có hướng dẫn viên nói tiếng Anh không?', 'is-there-an-english-speaking-guide', '/uploads/Audio/phrases/Dien-thoai-internet-thu/slow/isThereAnEnglishSpeakingGuide.mp3', '/uploads/Audio/phrases/Dien-thoai-internet-thu/normal/isThereAnEnglishSpeakingGuide.mp3', 6, '2017-07-12 20:17:32', '2017-07-12 20:17:32'),
(326, 'I want to give you a gift', 'Tôi muốn tặng bạn một món quà', 'i-want-to-give-you-a-gift', '/uploads/Audio/phrases/Dien-thoai-internet-thu/slow/IWantToGiveYouAGift.mp3', '/uploads/Audio/phrases/Dien-thoai-internet-thu/normal/IWantToGiveYouAGift.mp3', 6, '2017-07-12 20:18:01', '2017-07-12 20:18:01'),
(327, 'Male or female?', 'Nam hay nữ?', 'male-or-female', '/uploads/Audio/phrases/Dien-thoai-internet-thu/slow/maleOrFemale.mp3', '/uploads/Audio/phrases/Dien-thoai-internet-thu/normal/maleOrFemale.mp3', 6, '2017-07-12 20:18:44', '2017-07-12 20:18:44'),
(328, 'My cell phone doesn''t have good reception', 'Điện thoại di động của tôi không nhận tín hiệu tốt', 'my-cell-phone-doesnt-have-good-reception', '/uploads/Audio/phrases/Dien-thoai-internet-thu/slow/myCellPhoneDoesntHaveGoodReception.mp3', '/uploads/Audio/phrases/Dien-thoai-internet-thu/normal/myCellPhoneDoesntHaveGoodReception.mp3', 6, '2017-07-12 20:19:29', '2017-07-12 20:19:29'),
(329, 'My cell phone doesn''t work', 'Điện thoại di động của tôi bị hỏng', 'my-cell-phone-doesnt-work', '/uploads/Audio/phrases/Dien-thoai-internet-thu/slow/myCellPhoneDoesntWork.mp3', '/uploads/Audio/phrases/Dien-thoai-internet-thu/normal/myCellPhoneDoesntWork.mp3', 6, '2017-07-12 20:20:04', '2017-07-12 20:20:04'),
(330, 'Please take off your shoes', 'Làm ơn cởi giày ra', 'please-take-off-your-shoes', '/uploads/Audio/phrases/Dien-thoai-internet-thu/slow/pleaseTakeOffYourShoes.mp3', '/uploads/Audio/phrases/Dien-thoai-internet-thu/normal/pleaseTakeOffYourShoes.mp3', 6, '2017-07-12 20:20:36', '2017-07-12 20:20:36'),
(331, 'Sorry, I think I have the wrong number', 'Xin lỗi, tôi nghĩ tôi gọi nhầm số', 'sorry-i-think-i-have-the-wrong-number', '/uploads/Audio/phrases/Dien-thoai-internet-thu/slow/sorryIThinkIHaveTheWrongNumber.mp3', '/uploads/Audio/phrases/Dien-thoai-internet-thu/normal/sorryIThinkIHaveTheWrongNumber.mp3', 6, '2017-07-12 20:26:23', '2017-07-12 20:26:23'),
(332, 'What is the area code?', 'Mã vùng là bao nhiêu?', 'what-is-the-area-code', '/uploads/Audio/phrases/Dien-thoai-internet-thu/slow/whatIsTheAreaCode.mp3', '/uploads/Audio/phrases/Dien-thoai-internet-thu/normal/whatIsTheAreaCode.mp3', 6, '2017-07-12 20:26:55', '2017-07-12 20:26:55'),
(333, 'What''s the name of the company you work for?', 'Tên của công ty bạn làm việc là gì?', 'whats-the-name-of-the-company-you-work-for', '/uploads/Audio/phrases/Dien-thoai-internet-thu/slow/whatsTheNameOfTheCompanyYouWorkFor.mp3', '/uploads/Audio/phrases/Dien-thoai-internet-thu/normal/whatsTheNameOfTheCompanyYouWorkFor.mp3', 6, '2017-07-12 20:27:28', '2017-07-12 20:27:28'),
(334, 'What''s wrong?', 'Có gì không ổn?', 'whats-wrong', '/uploads/Audio/phrases/Dien-thoai-internet-thu/slow/whatsWrong.mp3', '/uploads/Audio/phrases/Dien-thoai-internet-thu/normal/whatsWrong.mp3', 6, '2017-07-12 20:28:02', '2017-07-12 20:28:02'),
(335, 'What''s your address?', 'Địa chỉ của bạn là gì?', 'whats-your-address', '/uploads/Audio/phrases/Dien-thoai-internet-thu/slow/whatsYourAddress.mp3', '/uploads/Audio/phrases/Dien-thoai-internet-thu/normal/whatsYourAddress.mp3', 6, '2017-07-12 20:28:29', '2017-07-12 20:28:29'),
(336, 'Where can I find a hospital?', 'Tôi có thể tìm được một bệnh viện ở đâu?', 'where-can-i-find-a-hospital', '/uploads/Audio/phrases/Dien-thoai-internet-thu/slow/whereCanIFindAHospital.mp3', '/uploads/Audio/phrases/Dien-thoai-internet-thu/normal/whereCanIFindAHospital.mp3', 6, '2017-07-12 20:29:05', '2017-07-12 20:29:05'),
(337, 'Where''s the closest restaurant?', 'Nhà hàng gần nhất ở đâu?', 'wheres-the-closest-restaurant', '/uploads/Audio/phrases/Dien-thoai-internet-thu/slow/wheresTheClosestRestaurant.mp3', '/uploads/Audio/phrases/Dien-thoai-internet-thu/normal/wheresTheClosestRestaurant.mp3', 6, '2017-07-12 20:29:39', '2017-07-12 20:29:39'),
(338, 'Where''s the pharmacy?', 'Hiệu thuốc ở đâu?', 'wheres-the-pharmacy', '/uploads/Audio/phrases/Dien-thoai-internet-thu/slow/wheresThePharmacy.mp3', '/uploads/Audio/phrases/Dien-thoai-internet-thu/normal/wheresThePharmacy.mp3', 6, '2017-07-12 20:30:06', '2017-07-12 20:30:23'),
(339, 'Who are you?', 'Bạn là ai?', 'who-are-you', '/uploads/Audio/phrases/Dien-thoai-internet-thu/slow/whoAreYou.mp3', '/uploads/Audio/phrases/Dien-thoai-internet-thu/normal/whoAreYou.mp3', 6, '2017-07-12 20:30:50', '2017-07-12 20:30:50'),
(340, 'Who is that?', 'Đó là ai?', 'who-is-that', '/uploads/Audio/phrases/Dien-thoai-internet-thu/slow/whoIsThat.mp3', '/uploads/Audio/phrases/Dien-thoai-internet-thu/normal/whoIsThat.mp3', 6, '2017-07-12 20:31:23', '2017-07-12 20:31:23'),
(341, 'Who would you like to speak to?', 'Bạn muốn nói chuyện với ai?', 'who-would-you-like-to-speak-to', '/uploads/Audio/phrases/Dien-thoai-internet-thu/slow/whoWouldYouLikeToSpeakTo.mp3', '/uploads/Audio/phrases/Dien-thoai-internet-thu/normal/whoWouldYouLikeToSpeakTo.mp3', 6, '2017-07-12 20:31:52', '2017-07-12 20:31:52'),
(342, 'Will you take me home', 'Làm ơn đưa tôi về nhà', 'will-you-take-me-home', '/uploads/Audio/phrases/Dien-thoai-internet-thu/slow/willYouTakeMeHome.mp3', '/uploads/Audio/phrases/Dien-thoai-internet-thu/normal/willYouTakeMeHome.mp3', 6, '2017-07-12 20:32:41', '2017-07-12 20:32:41'),
(343, 'Would you like water or milk?', 'Bạn muốn uống nước hay sữa?', 'would-you-like-water-or-milk', '/uploads/Audio/phrases/Dien-thoai-internet-thu/slow/wouldYouLikeWaterOrMilk.mp3', '/uploads/Audio/phrases/Dien-thoai-internet-thu/normal/wouldYouLikeWaterOrMilk.mp3', 6, '2017-07-12 20:33:16', '2017-07-12 20:33:16'),
(344, '11 days ago', 'Cách đây 11 ngày', '11-days-ago', '/uploads/Audio/phrases/Thoi-gian-va-ngay-thang/slow/11DaysAgo.mp3', '/uploads/Audio/phrases/Thoi-gian-va-ngay-thang/normal/11DaysAgo.mp3', 7, '2017-07-12 20:41:59', '2017-07-12 20:41:59'),
(345, '2 hours', '2 tiếng', '2-hours', '/uploads/Audio/phrases/Thoi-gian-va-ngay-thang/slow/2Hours.mp3', '/uploads/Audio/phrases/Thoi-gian-va-ngay-thang/normal/2Hours.mp3', 7, '2017-07-12 20:42:36', '2017-07-12 20:42:36'),
(346, 'All day', 'Suốt ngày', 'all-day', '/uploads/Audio/phrases/Thoi-gian-va-ngay-thang/slow/allDay.mp3', '/uploads/Audio/phrases/Thoi-gian-va-ngay-thang/normal/allDay.mp3', 7, '2017-07-12 20:43:09', '2017-07-12 20:43:09'),
(347, 'A long time ago', 'Cách nay đã lâu', 'a-long-time-ago', '/uploads/Audio/phrases/Thoi-gian-va-ngay-thang/slow/aLongTimeAgo.mp3', '/uploads/Audio/phrases/Thoi-gian-va-ngay-thang/normal/aLongTimeAgo.mp3', 7, '2017-07-12 20:43:39', '2017-07-12 20:43:39'),
(348, 'Are they coming this evening?', 'Tối nay họ có tới không?', 'are-they-coming-this-evening', '/uploads/Audio/phrases/Thoi-gian-va-ngay-thang/slow/areTheyComingThisEvening.mp3', '/uploads/Audio/phrases/Thoi-gian-va-ngay-thang/normal/areTheyComingThisEvening.mp3', 7, '2017-07-12 20:44:08', '2017-07-12 20:44:25'),
(349, 'Are you comfortable?', 'Bạn có thoải mái không?', 'are-you-comfortable', '/uploads/Audio/phrases/Thoi-gian-va-ngay-thang/slow/areYouComfortable.mp3', '/uploads/Audio/phrases/Thoi-gian-va-ngay-thang/normal/areYouComfortable.mp3', 7, '2017-07-12 20:45:00', '2017-07-12 20:45:00'),
(350, 'Are your children with you?', 'Con của bạn có đi với bạn không?', 'are-your-children-with-you', '/uploads/Audio/phrases/Thoi-gian-va-ngay-thang/slow/areYourChildrenWithYou.mp3', '/uploads/Audio/phrases/Thoi-gian-va-ngay-thang/normal/areYourChildrenWithYou.mp3', 7, '2017-07-12 20:45:32', '2017-07-12 20:45:32'),
(351, 'As soon as possible', 'Càng sớm càng tốt', 'as-soon-as-possible', '/uploads/Audio/phrases/Thoi-gian-va-ngay-thang/slow/asSoonAsPossible.mp3', '/uploads/Audio/phrases/Thoi-gian-va-ngay-thang/normal/asSoonAsPossible.mp3', 7, '2017-07-12 20:46:07', '2017-07-12 20:46:07'),
(352, 'At 3 o''clock in the afternoon', 'Lúc 3 giờ chiều', 'at-3-oclock-in-the-afternoon', '/uploads/Audio/phrases/Thoi-gian-va-ngay-thang/slow/at3OclockInTheAfternoon.mp3', '/uploads/Audio/phrases/Thoi-gian-va-ngay-thang/normal/at3OclockInTheAfternoon.mp3', 7, '2017-07-12 20:46:56', '2017-07-12 20:46:56'),
(353, 'At 5th street', 'Tại đường số 5', 'at-5th-street', '/uploads/Audio/phrases/Thoi-gian-va-ngay-thang/slow/at5thStreet.mp3', '/uploads/Audio/phrases/Thoi-gian-va-ngay-thang/normal/at5thStreet.mp3', 7, '2017-07-12 20:47:29', '2017-07-12 20:47:29'),
(354, 'At 7 o''clock at night', 'Lúc 7 giờ tối', 'at-7-oclock-at-night', '/uploads/Audio/phrases/Thoi-gian-va-ngay-thang/slow/at7OclockAtNight.mp3', '/uploads/Audio/phrases/Thoi-gian-va-ngay-thang/normal/at7OclockAtNight.mp3', 7, '2017-07-12 20:48:35', '2017-07-12 20:48:35'),
(355, 'At 7 o''clock in the morning', 'Lúc 7 giờ sáng', 'at-7-oclock-in-the-morning', '/uploads/Audio/phrases/Thoi-gian-va-ngay-thang/slow/at7OclockInTheMorning.mp3', '/uploads/Audio/phrases/Thoi-gian-va-ngay-thang/normal/at7OclockInTheMorning.mp3', 7, '2017-07-12 20:49:09', '2017-07-12 20:49:09'),
(356, 'At what time did it happen?', 'Việc đó xảy ra lúc mấy giờ?', 'at-what-time-did-it-happen', '/uploads/Audio/phrases/Thoi-gian-va-ngay-thang/slow/atWhatTimeDidItHappen.mp3', '/uploads/Audio/phrases/Thoi-gian-va-ngay-thang/normal/atWhatTimeDidItHappen.mp3', 7, '2017-07-12 20:49:44', '2017-07-12 20:49:44'),
(357, 'Can I help you?', 'Tôi có thể giúp gì bạn?', 'can-i-help-you', '/uploads/Audio/phrases/Thoi-gian-va-ngay-thang/slow/canIHelpYou.mp3', '/uploads/Audio/phrases/Thoi-gian-va-ngay-thang/normal/canIHelpYou.mp3', 7, '2017-07-12 20:50:21', '2017-07-12 20:50:21'),
(358, 'Do you have a swimming pool?', 'Bạn có hồ bơi không?', 'do-you-have-a-swimming-pool', '/uploads/Audio/phrases/Thoi-gian-va-ngay-thang/slow/doYouHaveASwimmingPool.mp3', '/uploads/Audio/phrases/Thoi-gian-va-ngay-thang/normal/doYouHaveASwimmingPool.mp3', 7, '2017-07-12 20:50:51', '2017-07-12 20:50:51'),
(359, 'Do you have this in size 11?', 'Bạn có món này cỡ 11 không?', 'do-you-have-this-in-size-11', '/uploads/Audio/phrases/Thoi-gian-va-ngay-thang/slow/doYouHaveThisInSize11.mp3', '/uploads/Audio/phrases/Thoi-gian-va-ngay-thang/normal/doYouHaveThisInSize11.mp3', 7, '2017-07-12 20:51:26', '2017-07-12 20:51:57'),
(360, 'Do you think you''ll be back by 11:30?', 'Bạn có nghĩ là bạn sẽ trở lại lúc 11:30 không?', 'do-you-think-youll-be-back-by-1130', '/uploads/Audio/phrases/Thoi-gian-va-ngay-thang/slow/doYouThinkYoullBeBackBy1130.mp3', '/uploads/Audio/phrases/Thoi-gian-va-ngay-thang/normal/doYouThinkYoullBeBackBy1130.mp3', 7, '2017-07-12 20:52:31', '2017-07-12 20:52:31');
INSERT INTO `phrases` (`id`, `english`, `vietnamese`, `alias`, `audio_slow`, `audio_normal`, `cat_phrase_id`, `created_at`, `updated_at`) VALUES
(361, 'Everyday I get up at 6AM', 'Hàng ngày tôi dạy lúc 6 giờ sáng', 'everyday-i-get-up-at-6am', '/uploads/Audio/phrases/Thoi-gian-va-ngay-thang/slow/EverydayIGetUpAt6.mp3', '/uploads/Audio/phrases/Thoi-gian-va-ngay-thang/normal/EverydayIGetUpAt6.mp3', 7, '2017-07-12 20:53:06', '2017-07-12 20:53:06'),
(362, 'Every week', 'Hàng tuần', 'every-week', '/uploads/Audio/phrases/Thoi-gian-va-ngay-thang/slow/everyWeek.mp3', '/uploads/Audio/phrases/Thoi-gian-va-ngay-thang/normal/everyWeek.mp3', 7, '2017-07-12 20:53:49', '2017-07-12 20:53:49'),
(363, 'Expiration date', 'Ngày hết hạn', 'expiration-date', '/uploads/Audio/phrases/Thoi-gian-va-ngay-thang/slow/experationDate.mp3', '/uploads/Audio/phrases/Thoi-gian-va-ngay-thang/normal/experationDate.mp3', 7, '2017-07-12 20:54:18', '2017-07-12 20:54:18'),
(364, 'Have you been waiting long?', 'Bạn đợi đã lâu chưa?', 'have-you-been-waiting-long', '/uploads/Audio/phrases/Thoi-gian-va-ngay-thang/slow/haveYouBeenWaitingLong.mp3', '/uploads/Audio/phrases/Thoi-gian-va-ngay-thang/normal/haveYouBeenWaitingLong.mp3', 7, '2017-07-12 21:00:42', '2017-07-12 21:00:42'),
(365, 'He''ll be back in 20 minutes', 'Anh ta sẽ trở lại trong vòng 20 phút nữa', 'hell-be-back-in-20-minutes', '/uploads/Audio/phrases/Thoi-gian-va-ngay-thang/slow/hellBeBackIn20Minutes.mp3', '/uploads/Audio/phrases/Thoi-gian-va-ngay-thang/normal/hellBeBackIn20Minutes.mp3', 7, '2017-07-12 21:01:26', '2017-07-12 21:01:26'),
(366, 'His family is coming tomorrow', 'Gia đình anh ta sẽ tới vào ngày mai', 'his-family-is-coming-tomorrow', '/uploads/Audio/phrases/Thoi-gian-va-ngay-thang/slow/hisFamilyIsComingTomorrow.mp3', '/uploads/Audio/phrases/Thoi-gian-va-ngay-thang/normal/hisFamilyIsComingTomorrow.mp3', 7, '2017-07-12 21:01:59', '2017-07-12 21:01:59'),
(367, 'How about Saturday?', 'Còn thứ bảy thì sao?', 'how-about-saturday', '/uploads/Audio/phrases/Thoi-gian-va-ngay-thang/slow/howAboutSaturday.mp3', '/uploads/Audio/phrases/Thoi-gian-va-ngay-thang/normal/howAboutSaturday.mp3', 7, '2017-07-12 21:07:44', '2017-07-12 21:07:44'),
(368, 'How long are you going to stay?', 'Bạn sẽ ở bao lâu?', 'how-long-are-you-going-to-stay', '/uploads/Audio/phrases/Thoi-gian-va-ngay-thang/slow/howLongAreYouGoingToStay.mp3', '/uploads/Audio/phrases/Thoi-gian-va-ngay-thang/normal/howLongAreYouGoingToStay.mp3', 7, '2017-07-12 21:08:17', '2017-07-12 21:08:17'),
(369, 'How long are you going to stay in California?', 'Bạn sẽ ở California bao lâu?', 'how-long-are-you-going-to-stay-in-california', '/uploads/Audio/phrases/Thoi-gian-va-ngay-thang/slow/howLongAreYouGoingToStayInCalifornia.mp3', '/uploads/Audio/phrases/Thoi-gian-va-ngay-thang/normal/howLongAreYouGoingToStayInCalifornia.mp3', 7, '2017-07-12 21:09:13', '2017-07-12 21:09:13'),
(370, 'How long will it take?', 'Sẽ mất bao lâu?', 'how-long-will-it-take', '/uploads/Audio/phrases/Thoi-gian-va-ngay-thang/slow/howLongWillItTake.mp3', '/uploads/Audio/phrases/Thoi-gian-va-ngay-thang/normal/howLongWillItTake.mp3', 7, '2017-07-12 21:09:50', '2017-07-12 21:09:50'),
(371, 'How much altogether?', 'Tất cả bao nhiêu?', 'how-much-altogether', '/uploads/Audio/phrases/Thoi-gian-va-ngay-thang/slow/howMuchAllTogether.mp3', '/uploads/Audio/phrases/Thoi-gian-va-ngay-thang/normal/howMuchAllTogether.mp3', 7, '2017-07-12 21:10:19', '2017-07-12 21:10:19'),
(372, 'How much will it cost?', 'Sẽ tốn bao nhiêu?', 'how-much-will-it-cost', '/uploads/Audio/phrases/Thoi-gian-va-ngay-thang/slow/howMuchWillItCost.mp3', '/uploads/Audio/phrases/Thoi-gian-va-ngay-thang/normal/howMuchWillItCost.mp3', 7, '2017-07-12 21:10:54', '2017-07-12 21:10:54'),
(373, 'I don''t have enough money', 'Tôi không có đủ tiền', 'i-dont-have-enough-money', '/uploads/Audio/phrases/Thoi-gian-va-ngay-thang/slow/iDontHaveEnoughMoney.mp3', '/uploads/Audio/phrases/Thoi-gian-va-ngay-thang/normal/iDontHaveEnoughMoney.mp3', 7, '2017-07-12 21:11:31', '2017-07-12 21:11:31'),
(374, 'I''m getting ready to go out', 'Tôi chuẩn bị đi', 'im-getting-ready-to-go-out', '/uploads/Audio/phrases/Thoi-gian-va-ngay-thang/slow/imGettingReadyToGoOut.mp3', '/uploads/Audio/phrases/Thoi-gian-va-ngay-thang/normal/imGettingReadyToGoOut.mp3', 7, '2017-07-12 21:15:10', '2017-07-12 21:15:10'),
(375, 'I''m just looking', 'Tôi chỉ xem thôi', 'im-just-looking', '/uploads/Audio/phrases/Thoi-gian-va-ngay-thang/slow/ImJustLooking.mp3', '/uploads/Audio/phrases/Thoi-gian-va-ngay-thang/normal/ImJustLooking.mp3', 7, '2017-07-12 21:15:46', '2017-07-12 21:15:46'),
(376, 'I''m worried too', 'Tôi cũng lo', 'im-worried-too', '/uploads/Audio/phrases/Thoi-gian-va-ngay-thang/slow/ImWorriedToo.mp3', '/uploads/Audio/phrases/Thoi-gian-va-ngay-thang/normal/ImWorriedToo.mp3', 7, '2017-07-12 21:16:19', '2017-07-12 21:16:19'),
(377, 'It''ll be cold this evening', 'Tối nay trời sẽ lạnh', 'itll-be-cold-this-evening', '/uploads/Audio/phrases/Thoi-gian-va-ngay-thang/slow/itllBeColdThisEvening.mp3', '/uploads/Audio/phrases/Thoi-gian-va-ngay-thang/normal/itllBeColdThisEvening.mp3', 7, '2017-07-12 21:16:58', '2017-07-12 21:16:58'),
(378, 'It rained very hard today', 'Hôm nay trời mưa rất lớn', 'it-rained-very-hard-today', '/uploads/Audio/phrases/Thoi-gian-va-ngay-thang/slow/itRainedVeryHardToday.mp3', '/uploads/Audio/phrases/Thoi-gian-va-ngay-thang/normal/itRainedVeryHardToday.mp3', 7, '2017-07-12 21:23:22', '2017-07-12 21:23:22'),
(379, 'It''s 17 dollars', 'Giá 17 đồng', 'its-17-dollars', '/uploads/Audio/phrases/Thoi-gian-va-ngay-thang/slow/its17Dollars.mp3', '/uploads/Audio/phrases/Thoi-gian-va-ngay-thang/normal/its17Dollars.mp3', 7, '2017-07-12 21:24:09', '2017-07-12 21:24:09'),
(380, 'It''s 6AM', 'Bây giờ là 6 giờ sáng', 'its-6am', '/uploads/Audio/phrases/Thoi-gian-va-ngay-thang/slow/its6.mp3', '/uploads/Audio/phrases/Thoi-gian-va-ngay-thang/normal/its6.mp3', 7, '2017-07-12 21:24:44', '2017-07-12 21:24:44'),
(381, 'It''s 8:45', 'Bây giờ là 8:45', 'its-845', '/uploads/Audio/phrases/Thoi-gian-va-ngay-thang/slow/its845.mp3', '/uploads/Audio/phrases/Thoi-gian-va-ngay-thang/normal/its845.mp3', 7, '2017-07-12 21:25:25', '2017-07-12 21:25:25'),
(382, 'It''s a quarter to 7', 'Bây giờ là 7 giờ thiếu 15', 'its-a-quarter-to-7', '/uploads/Audio/phrases/Thoi-gian-va-ngay-thang/slow/itsAQuarterTo7.mp3', '/uploads/Audio/phrases/Thoi-gian-va-ngay-thang/normal/itsAQuarterTo7.mp3', 7, '2017-07-12 21:25:59', '2017-07-12 21:25:59'),
(383, 'It''s going to snow today', 'Hôm nay trời sẽ mưa tuyết', 'its-going-to-snow-today', '/uploads/Audio/phrases/Thoi-gian-va-ngay-thang/slow/itsGoingToSnowToday.mp3', '/uploads/Audio/phrases/Thoi-gian-va-ngay-thang/normal/itsGoingToSnowToday.mp3', 7, '2017-07-12 21:26:38', '2017-07-12 21:26:38'),
(384, 'It''s here', 'Nó đây', 'its-here', '/uploads/Audio/phrases/Thoi-gian-va-ngay-thang/slow/itsHere.mp3', '/uploads/Audio/phrases/Thoi-gian-va-ngay-thang/normal/itsHere.mp3', 7, '2017-07-12 21:27:18', '2017-07-12 21:27:18'),
(385, 'It''s there', 'Nó ở đó', 'its-there', '/uploads/Audio/phrases/Thoi-gian-va-ngay-thang/slow/itsThere.mp3', '/uploads/Audio/phrases/Thoi-gian-va-ngay-thang/normal/itsThere.mp3', 7, '2017-07-12 21:27:54', '2017-07-12 21:27:54'),
(386, 'I''ve already seen it', 'Tôi đã xem nó', 'ive-already-seen-it', '/uploads/Audio/phrases/Thoi-gian-va-ngay-thang/slow/IveAlreadySeenIt.mp3', '/uploads/Audio/phrases/Thoi-gian-va-ngay-thang/normal/IveAlreadySeenIt.mp3', 7, '2017-07-12 21:32:58', '2017-07-12 21:32:58'),
(387, 'John is going on vacation tomorrow', 'Ngày mai John sẽ đi nghỉ mát', 'john-is-going-on-vacation-tomorrow', '/uploads/Audio/phrases/Thoi-gian-va-ngay-thang/slow/johnIsGoingOnVacationTomorrow.mp3', '/uploads/Audio/phrases/Thoi-gian-va-ngay-thang/normal/johnIsGoingOnVacationTomorrow.mp3', 7, '2017-07-12 21:33:35', '2017-07-12 21:33:35'),
(388, 'My birthday is August 27th', 'Sinh nhật của tôi là 27 tháng 8', 'my-birthday-is-august-27th', '/uploads/Audio/phrases/Thoi-gian-va-ngay-thang/slow/myBirthdayIsAugust27.mp3', '/uploads/Audio/phrases/Thoi-gian-va-ngay-thang/normal/myBirthdayIsAugust27.mp3', 7, '2017-07-12 21:34:12', '2017-07-12 21:34:12'),
(389, 'Now or later?', 'Bây giờ hoặc sau?', 'now-or-later', '/uploads/Audio/phrases/Thoi-gian-va-ngay-thang/slow/nowOrLater.mp3', '/uploads/Audio/phrases/Thoi-gian-va-ngay-thang/normal/nowOrLater.mp3', 7, '2017-07-12 21:34:46', '2017-07-12 21:34:46'),
(390, 'October 22nd', '22 tháng mười', 'october-22nd', '/uploads/Audio/phrases/Thoi-gian-va-ngay-thang/slow/october22.mp3', '/uploads/Audio/phrases/Thoi-gian-va-ngay-thang/normal/october22.mp3', 7, '2017-07-12 21:35:24', '2017-07-12 21:35:24'),
(391, 'She wants to know when you''re coming', 'Cô ta muốn biết khi nào bạn tới', 'she-wants-to-know-when-youre-coming', '/uploads/Audio/phrases/Thoi-gian-va-ngay-thang/slow/sheWantsToKnowWhenYourComing.mp3', '/uploads/Audio/phrases/Thoi-gian-va-ngay-thang/normal/sheWantsToKnowWhenYourComing.mp3', 7, '2017-07-12 21:36:05', '2017-07-12 21:36:05'),
(392, 'Sometimes I go to sleep at 11PM, sometimes at 11:30PM', 'Thỉnh thoảng tôi đi ngủ lúc 11 giờ tối, thỉnh thoảng 11:30', 'sometimes-i-go-to-sleep-at-11pm-sometimes-at-1130pm', '/uploads/Audio/phrases/Thoi-gian-va-ngay-thang/slow/sometimesIGoToSleepAt11SometimesAt1130.mp3', '/uploads/Audio/phrases/Thoi-gian-va-ngay-thang/normal/sometimesIGoToSleepAt11SometimesAt1130.mp3', 7, '2017-07-12 21:36:51', '2017-07-12 21:36:51'),
(393, 'There''s plenty of time', 'Có nhiều thời gian', 'theres-plenty-of-time', '/uploads/Audio/phrases/Thoi-gian-va-ngay-thang/slow/theresPlentyOfTime.mp3', '/uploads/Audio/phrases/Thoi-gian-va-ngay-thang/normal/theresPlentyOfTime.mp3', 7, '2017-07-12 21:37:26', '2017-07-12 21:37:26'),
(394, 'The whole day', 'Cả ngày', 'the-whole-day', '/uploads/Audio/phrases/Thoi-gian-va-ngay-thang/slow/theWholeDay.mp3', '/uploads/Audio/phrases/Thoi-gian-va-ngay-thang/normal/theWholeDay.mp3', 7, '2017-07-12 21:40:25', '2017-07-12 21:40:25'),
(395, 'We''re late', 'Chúng ta trễ', 'were-late', '/uploads/Audio/phrases/Thoi-gian-va-ngay-thang/slow/wereLate.mp3', '/uploads/Audio/phrases/Thoi-gian-va-ngay-thang/normal/wereLate.mp3', 7, '2017-07-12 21:41:00', '2017-07-12 21:41:00'),
(396, 'What day are they coming over?', 'Ngày nào họ sẽ tới?', 'what-day-are-they-coming-over', '/uploads/Audio/phrases/Thoi-gian-va-ngay-thang/slow/whatDayAreTheyComingOver.mp3', '/uploads/Audio/phrases/Thoi-gian-va-ngay-thang/normal/whatDayAreTheyComingOver.mp3', 7, '2017-07-12 21:41:47', '2017-07-12 21:41:47'),
(397, 'What day of the week is it?', 'Hôm nay là thứ mấy?', 'what-day-of-the-week-is-it', '/uploads/Audio/phrases/Thoi-gian-va-ngay-thang/slow/whatDayOfTheWeekIsIt.mp3', '/uploads/Audio/phrases/Thoi-gian-va-ngay-thang/normal/whatDayOfTheWeekIsIt.mp3', 7, '2017-07-12 23:43:16', '2017-07-12 23:43:16'),
(398, 'What is today''s date?', 'Hôm nay ngày mấy?', 'what-is-todays-date', '/uploads/Audio/phrases/Thoi-gian-va-ngay-thang/slow/whatIsTodaysDate.mp3', '/uploads/Audio/phrases/Thoi-gian-va-ngay-thang/normal/whatIsTodaysDate.mp3', 7, '2017-07-12 23:44:01', '2017-07-12 23:44:01'),
(399, 'What''s your religion?', 'Bạn theo tôn giáo nào?', 'whats-your-religion', '/uploads/Audio/phrases/Thoi-gian-va-ngay-thang/slow/whatsYourreligion.mp3', '/uploads/Audio/phrases/Thoi-gian-va-ngay-thang/normal/whatsYourreligion.mp3', 7, '2017-07-12 23:44:33', '2017-07-12 23:44:33'),
(400, 'What time are they arriving?', 'Mấy giờ họ sẽ tới?', 'what-time-are-they-arriving', '/uploads/Audio/phrases/Thoi-gian-va-ngay-thang/slow/whatTimeAreTheyArriving.mp3', '/uploads/Audio/phrases/Thoi-gian-va-ngay-thang/normal/whatTimeAreTheyArriving.mp3', 7, '2017-07-12 23:45:11', '2017-07-12 23:45:11'),
(401, 'What time did you get up?', 'Bạn đã thức dậy lúc mấy giờ?', 'what-time-did-you-get-up', '/uploads/Audio/phrases/Thoi-gian-va-ngay-thang/slow/whatTimeDidYouGetUp.mp3', '/uploads/Audio/phrases/Thoi-gian-va-ngay-thang/normal/whatTimeDidYouGetUp.mp3', 7, '2017-07-12 23:45:47', '2017-07-12 23:45:47'),
(402, 'What time did you go to sleep?', 'Bạn đã đi ngủ lúc mấy giờ?', 'what-time-did-you-go-to-sleep', '/uploads/Audio/phrases/Thoi-gian-va-ngay-thang/slow/whatTimeDidYouGoToSleep.mp3', '/uploads/Audio/phrases/Thoi-gian-va-ngay-thang/normal/whatTimeDidYouGoToSleep.mp3', 7, '2017-07-12 23:46:40', '2017-07-12 23:46:40'),
(403, 'What time did you wake up?', 'Bạn tỉnh giấc lúc mấy giờ?', 'what-time-did-you-wake-up', '/uploads/Audio/phrases/Thoi-gian-va-ngay-thang/slow/whatTimeDidYouWakeUp.mp3', '/uploads/Audio/phrases/Thoi-gian-va-ngay-thang/normal/whatTimeDidYouWakeUp.mp3', 7, '2017-07-12 23:47:12', '2017-07-12 23:47:12'),
(404, 'What time does it start?', 'Mấy giờ nó bắt đầu?', 'what-time-does-it-start', '/uploads/Audio/phrases/Thoi-gian-va-ngay-thang/slow/whatTimeDoesItStart.mp3', '/uploads/Audio/phrases/Thoi-gian-va-ngay-thang/normal/whatTimeDoesItStart.mp3', 7, '2017-07-12 23:47:44', '2017-07-12 23:47:44'),
(405, 'What time do you think you''ll arrive?', 'Bạn nghĩ bạn sẽ tới lúc mấy giờ?', 'what-time-do-you-think-youll-arrive', '/uploads/Audio/phrases/Thoi-gian-va-ngay-thang/slow/whatTimeDoYouThinkYoullArrive.mp3', '/uploads/Audio/phrases/Thoi-gian-va-ngay-thang/normal/whatTimeDoYouThinkYoullArrive.mp3', 7, '2017-07-12 23:48:30', '2017-07-12 23:48:30'),
(406, 'What time is it?', 'Bây giờ là mấy giờ?', 'what-time-is-it', '/uploads/Audio/phrases/Thoi-gian-va-ngay-thang/slow/whatTimeIsIt.mp3', '/uploads/Audio/phrases/Thoi-gian-va-ngay-thang/normal/whatTimeIsIt.mp3', 7, '2017-07-12 23:49:14', '2017-07-12 23:49:14'),
(407, 'When are they coming?', 'Khi nào họ tới?', 'when-are-they-coming', '/uploads/Audio/phrases/Thoi-gian-va-ngay-thang/slow/whenAreTheyComing.mp3', '/uploads/Audio/phrases/Thoi-gian-va-ngay-thang/normal/whenAreTheyComing.mp3', 7, '2017-07-12 23:49:48', '2017-07-12 23:49:48'),
(408, 'When are you coming back?', 'Khi nào bạn trở lại?', 'when-are-you-coming-back', '/uploads/Audio/phrases/Thoi-gian-va-ngay-thang/slow/whenAreYouComingBack.mp3', '/uploads/Audio/phrases/Thoi-gian-va-ngay-thang/normal/whenAreYouComingBack.mp3', 7, '2017-07-12 23:50:36', '2017-07-12 23:50:36'),
(409, 'When are you going to pick up your friend?', 'Khi nào bạn đón người bạn của bạn?', 'when-are-you-going-to-pick-up-your-friend', '/uploads/Audio/phrases/Thoi-gian-va-ngay-thang/slow/whenAreYouGoingToPickUpYourFriend.mp3', '/uploads/Audio/phrases/Thoi-gian-va-ngay-thang/normal/whenAreYouGoingToPickUpYourFriend.mp3', 7, '2017-07-12 23:51:18', '2017-07-12 23:51:18'),
(410, 'When are you leaving?', 'Khi nào bạn ra đi?', 'when-are-you-leaving', '/uploads/Audio/phrases/Thoi-gian-va-ngay-thang/slow/whenAreYouLeaving.mp3', '/uploads/Audio/phrases/Thoi-gian-va-ngay-thang/normal/whenAreYouLeaving.mp3', 7, '2017-07-12 23:51:52', '2017-07-12 23:51:52'),
(411, 'When are you moving?', 'Khi nào bạn chuyển đi?', 'when-are-you-moving', '/uploads/Audio/phrases/Thoi-gian-va-ngay-thang/slow/whenAreYouMoving.mp3', '/uploads/Audio/phrases/Thoi-gian-va-ngay-thang/normal/whenAreYouMoving.mp3', 7, '2017-07-12 23:52:36', '2017-07-12 23:52:36'),
(412, 'When is the next bus to Philidalphia?', 'Chuyến xe buýt kế tiếp đi Philadelphia khi nào?', 'when-is-the-next-bus-to-philidalphia', '/uploads/Audio/phrases/Thoi-gian-va-ngay-thang/slow/whenIsTheNextBuToPhiladelphia.mp3', '/uploads/Audio/phrases/Thoi-gian-va-ngay-thang/normal/whenIsTheNextBuToPhiladelphia.mp3', 7, '2017-07-12 23:53:20', '2017-07-12 23:53:20'),
(413, 'When is your birthday?', 'Sinh nhật bạn khi nào?', 'when-is-your-birthday', '/uploads/Audio/phrases/Thoi-gian-va-ngay-thang/slow/whenIsYourBirthday.mp3', '/uploads/Audio/phrases/Thoi-gian-va-ngay-thang/normal/whenIsYourBirthday.mp3', 7, '2017-07-12 23:53:55', '2017-07-12 23:53:55'),
(414, 'When I went to the store, they didn''t have any apples', 'Khi tôi tới cửa hàng, họ không có táo', 'when-i-went-to-the-store-they-didnt-have-any-apples', '/uploads/Audio/phrases/Thoi-gian-va-ngay-thang/slow/whenIWentToTheStoreTheyDidntHaveAnyApples.mp3', '/uploads/Audio/phrases/Thoi-gian-va-ngay-thang/normal/whenIWentToTheStoreTheyDidntHaveAnyApples.mp3', 7, '2017-07-12 23:54:39', '2017-07-12 23:54:39'),
(415, 'When was the last time you talked to your mother?', 'Bạn nói chuyện với mẹ bạn lần cuối khi nào?', 'when-was-the-last-time-you-talked-to-your-mother', '/uploads/Audio/phrases/Thoi-gian-va-ngay-thang/slow/whenWasTheLastTimeYouTalkedToYourMother.mp3', '/uploads/Audio/phrases/Thoi-gian-va-ngay-thang/normal/whenWasTheLastTimeYouTalkedToYourMother.mp3', 7, '2017-07-12 23:55:19', '2017-07-12 23:55:19'),
(416, 'When will he be back?', 'Khi nào anh ta sẽ trở lại?', 'when-will-he-be-back', '/uploads/Audio/phrases/Thoi-gian-va-ngay-thang/slow/whenWillHeBeBack.mp3', '/uploads/Audio/phrases/Thoi-gian-va-ngay-thang/normal/whenWillHeBeBack.mp3', 7, '2017-07-12 23:56:01', '2017-07-12 23:56:01'),
(417, 'When will it be ready?', 'Khi nào nó sẽ sẵn sàng?', 'when-will-it-be-ready', '/uploads/Audio/phrases/Thoi-gian-va-ngay-thang/slow/whenWillItBeReady.mp3', '/uploads/Audio/phrases/Thoi-gian-va-ngay-thang/normal/whenWillItBeReady.mp3', 7, '2017-07-12 23:56:57', '2017-07-12 23:56:57'),
(418, 'Where are you going to go?', 'Bạn sẽ đi đâu?', 'where-are-you-going-to-go', '/uploads/Audio/phrases/Thoi-gian-va-ngay-thang/slow/whereAreYouGoingToGo.mp3', '/uploads/Audio/phrases/Thoi-gian-va-ngay-thang/normal/whereAreYouGoingToGo.mp3', 7, '2017-07-12 23:57:35', '2017-07-12 23:57:35'),
(419, 'Are you busy?', 'Bạn có bận không?', 'are-you-busy', '/uploads/Audio/phrases/Cho-an-o/slow/areYouBusy.mp3', '/uploads/Audio/phrases/Cho-an-o/normal/areYouBusy.mp3', 8, '2017-07-12 23:59:33', '2017-07-12 23:59:33'),
(420, 'Can we have some more bread please?', 'Làm ơn cho thêm ít bánh mì?', 'can-we-have-some-more-bread-please', '/uploads/Audio/phrases/Cho-an-o/slow/canWeHaveSomeMoreBreadPlease.mp3', '/uploads/Audio/phrases/Cho-an-o/normal/canWeHaveSomeMoreBreadPlease.mp3', 8, '2017-07-13 00:00:59', '2017-07-13 00:00:59'),
(421, 'Do you have any money?', 'Bạn có tiền không?', 'do-you-have-any-money', '/uploads/Audio/phrases/Cho-an-o/slow/doYouHaveAnyMoney.mp3', '/uploads/Audio/phrases/Cho-an-o/normal/doYouHaveAnyMoney.mp3', 8, '2017-07-13 00:01:34', '2017-07-13 00:01:34'),
(422, 'For how many nights?', 'Cho mấy đêm?', 'for-how-many-nights', '/uploads/Audio/phrases/Cho-an-o/slow/forHowManyNights.mp3', '/uploads/Audio/phrases/Cho-an-o/normal/forHowManyNights.mp3', 8, '2017-07-13 00:02:27', '2017-07-13 00:02:27'),
(423, 'How long will you be staying?', 'Bạn sẽ ở bao lâu?', 'how-long-will-you-be-staying', '/uploads/Audio/phrases/Cho-an-o/slow/howLongWillYouBeStaying.mp3', '/uploads/Audio/phrases/Cho-an-o/normal/howLongWillYouBeStaying.mp3', 8, '2017-07-13 00:03:06', '2017-07-13 00:03:06'),
(424, 'I''d like a map of the city', 'Tôi muốn một tấm bản đồ của thành phố', 'id-like-a-map-of-the-city', '/uploads/Audio/phrases/Cho-an-o/slow/idLikeAMapOfTheCity.mp3', '/uploads/Audio/phrases/Cho-an-o/normal/idLikeAMapOfTheCity.mp3', 8, '2017-07-13 00:03:57', '2017-07-13 00:03:57'),
(425, 'I''d like a non-smoking room', 'Tôi muốn một phòng không hút thuốc', 'id-like-a-non-smoking-room', '/uploads/Audio/phrases/Cho-an-o/slow/IdLikeANonSmokingRoom.mp3', '/uploads/Audio/phrases/Cho-an-o/normal/IdLikeANonSmokingRoom.mp3', 8, '2017-07-13 00:04:44', '2017-07-13 00:04:44'),
(426, 'I''d like a room', 'Tôi muốn một phòng', 'id-like-a-room', '/uploads/Audio/phrases/Cho-an-o/slow/IdLikeARoom.mp3', '/uploads/Audio/phrases/Cho-an-o/normal/IdLikeARoom.mp3', 8, '2017-07-13 00:05:19', '2017-07-13 00:05:19'),
(427, 'I''d like a room with two beds please', 'Tôi muốn một phòng với 2 giường, xin vui lòng', 'id-like-a-room-with-two-beds-please', '/uploads/Audio/phrases/Cho-an-o/slow/IdLikeARoomWith2BedsPlease.mp3', '/uploads/Audio/phrases/Cho-an-o/normal/IdLikeARoomWith2BedsPlease.mp3', 8, '2017-07-13 00:06:01', '2017-07-13 00:06:01'),
(428, 'I need a doctor', 'Tôi cần một bác sĩ', 'i-need-a-doctor', '/uploads/Audio/phrases/Cho-an-o/slow/INeedADoctor.mp3', '/uploads/Audio/phrases/Cho-an-o/normal/INeedADoctor.mp3', 8, '2017-07-13 00:06:45', '2017-07-13 00:06:45'),
(429, 'Is there a nightclub in town?', 'Có hộp đêm trong thị xã không?', 'is-there-a-nightclub-in-town', '/uploads/Audio/phrases/Cho-an-o/slow/isThereANightClubInTown.mp3', '/uploads/Audio/phrases/Cho-an-o/normal/isThereANightClubInTown.mp3', 8, '2017-07-13 00:07:30', '2017-07-13 00:07:30'),
(430, 'Is there a restaurant in the hotel?', 'Trong khách sạn có nhà hàng không?', 'is-there-a-restaurant-in-the-hotel', '/uploads/Audio/phrases/Cho-an-o/slow/isThereARestaurantInTheHotel.mp3', '/uploads/Audio/phrases/Cho-an-o/normal/isThereARestaurantInTheHotel.mp3', 8, '2017-07-13 00:08:07', '2017-07-13 00:08:07'),
(431, 'Is there a store near here?', 'Có cửa hàng gần đây không?', 'is-there-a-store-near-here', '/uploads/Audio/phrases/Cho-an-o/slow/isThereAStoreNearHere.mp3', '/uploads/Audio/phrases/Cho-an-o/normal/isThereAStoreNearHere.mp3', 8, '2017-07-13 00:08:42', '2017-07-13 00:08:42'),
(432, 'Sorry, we don''t have any vacancies', 'Xin lỗi, chúng tôi không còn phòng trống', 'sorry-we-dont-have-any-vacancies', '/uploads/Audio/phrases/Cho-an-o/slow/sorryWeDontHaveAnyVaccancies.mp3', '/uploads/Audio/phrases/Cho-an-o/normal/sorryWeDontHaveAnyVaccancies.mp3', 8, '2017-07-13 00:09:29', '2017-07-13 00:09:29'),
(433, 'Take me to the Marriott Hotel', 'Đưa tôi tới khách sạn Marriott', 'take-me-to-the-marriott-hotel', '/uploads/Audio/phrases/Cho-an-o/slow/takeMeToTheMarriottHotel.mp3', '/uploads/Audio/phrases/Cho-an-o/normal/takeMeToTheMarriottHotel.mp3', 8, '2017-07-13 00:10:04', '2017-07-13 00:10:04'),
(434, 'What''s the charge per night?', 'Giá bao nhiêu một đêm?', 'whats-the-charge-per-night', '/uploads/Audio/phrases/Cho-an-o/slow/whatsTheChargePerNight.mp3', '/uploads/Audio/phrases/Cho-an-o/normal/whatsTheChargePerNight.mp3', 8, '2017-07-13 00:10:41', '2017-07-13 00:10:41'),
(435, 'What time is check out?', 'Mấy giờ trả phòng?', 'what-time-is-check-out', '/uploads/Audio/phrases/Cho-an-o/slow/whatTimeIsCheckout.mp3', '/uploads/Audio/phrases/Cho-an-o/normal/whatTimeIsCheckout.mp3', 8, '2017-07-13 00:11:10', '2017-07-13 00:11:10'),
(436, 'Where is the airport?', 'Phi trường ở đâu?', 'where-is-the-airport', '/uploads/Audio/phrases/Cho-an-o/slow/whereIsTheAirport.mp3', '/uploads/Audio/phrases/Cho-an-o/normal/whereIsTheAirport.mp3', 8, '2017-07-13 00:11:46', '2017-07-13 00:11:46'),
(437, 'Where''s the mail box?', 'Hộp thư ở đâu?', 'wheres-the-mail-box', '/uploads/Audio/phrases/Cho-an-o/slow/wheresTheMailBox.mp3', '/uploads/Audio/phrases/Cho-an-o/normal/wheresTheMailBox.mp3', 8, '2017-07-13 00:12:24', '2017-07-13 00:12:24'),
(438, 'Are you here alone?', 'Bạn ở đây một mình hả?', 'are-you-here-alone', '/uploads/Audio/phrases/An/slow/areYouHereAlone.mp3', '/uploads/Audio/phrases/An/normal/areYouHereAlone.mp3', 9, '2017-07-13 00:14:19', '2017-07-13 00:14:19'),
(439, 'Can I bring my friend?', 'Tôi có thể mang theo bạn không?', 'can-i-bring-my-friend', '/uploads/Audio/phrases/An/slow/canIBringMyFriend.mp3', '/uploads/Audio/phrases/An/normal/canIBringMyFriend.mp3', 9, '2017-07-13 00:16:28', '2017-07-13 00:16:28'),
(440, 'Can I have a receipt please?', 'Làm ơn cho tôi hóa đơn?', 'can-i-have-a-receipt-please', '/uploads/Audio/phrases/An/slow/canIHaveARecieptPlease.mp3', '/uploads/Audio/phrases/An/normal/canIHaveARecieptPlease.mp3', 9, '2017-07-13 00:18:09', '2017-07-13 00:18:09'),
(441, 'Can it be cheaper?', 'Có thể rẻ hơn không?', 'can-it-be-cheaper', '/uploads/Audio/phrases/An/slow/canItBeCheaper.mp3', '/uploads/Audio/phrases/An/normal/canItBeCheaper.mp3', 9, '2017-07-13 00:19:15', '2017-07-13 00:19:15'),
(442, 'Can we have a menu please', 'Làm ơn đưa xem thực đơn', 'can-we-have-a-menu-please', '/uploads/Audio/phrases/An/slow/canWeHaveAMenuPlease.mp3', '/uploads/Audio/phrases/An/normal/canWeHaveAMenuPlease.mp3', 9, '2017-07-13 00:20:00', '2017-07-13 00:20:00'),
(443, 'Can you hold this for me?', 'Bạn có thể giữ giùm tôi cái này được không?', 'can-you-hold-this-for-me', '/uploads/Audio/phrases/An/slow/canYouHoldThisForMe.mp3', '/uploads/Audio/phrases/An/normal/canYouHoldThisForMe.mp3', 9, '2017-07-13 00:29:48', '2017-07-13 00:29:48'),
(444, 'Do you have any children?', 'Bạn có con không?', 'do-you-have-any-children', '/uploads/Audio/phrases/An/slow/doYouHaveAnyChildren.mp3', '/uploads/Audio/phrases/An/normal/doYouHaveAnyChildren.mp3', 9, '2017-07-13 00:30:18', '2017-07-13 00:30:18'),
(445, 'Do you know how much it costs?', 'Bạn có biết nó giá bao nhiêu không?', 'do-you-know-how-much-it-costs', '/uploads/Audio/phrases/An/slow/doYouKnowHowMuchItCosts.mp3', '/uploads/Audio/phrases/An/normal/doYouKnowHowMuchItCosts.mp3', 9, '2017-07-13 00:31:07', '2017-07-13 00:31:07'),
(446, 'Have you eaten at that restaurant?', 'Bạn đã ăn ở nhà hàng này chưa?', 'have-you-eaten-at-that-restaurant', '/uploads/Audio/phrases/An/slow/haveYouEatenAtThatRestaurant.mp3', '/uploads/Audio/phrases/An/normal/haveYouEatenAtThatRestaurant.mp3', 9, '2017-07-13 00:31:43', '2017-07-13 00:31:43'),
(447, 'Have you eaten yet?', 'Bạn đã ăn chưa?', 'have-you-eaten-yet', '/uploads/Audio/phrases/An/slow/haveYouEatenYet.mp3', '/uploads/Audio/phrases/An/normal/haveYouEatenYet.mp3', 9, '2017-07-13 00:32:21', '2017-07-13 00:32:21'),
(448, 'Have you ever had Potato soup?', 'Bạn đã từng ăn xúp khoai chưa?', 'have-you-ever-had-potato-soup', '/uploads/Audio/phrases/An/slow/haveYouEverHadPotatoSoup.mp3', '/uploads/Audio/phrases/An/normal/haveYouEverHadPotatoSoup.mp3', 9, '2017-07-13 00:32:56', '2017-07-13 00:32:56'),
(449, 'He likes juice but he doesn''t like milk', 'Anh ta thích nước trái cây nhưng anh ta không thích sữa', 'he-likes-juice-but-he-doesnt-like-milk', '/uploads/Audio/phrases/An/slow/heLIkesJuiceButHeDoesntLikeMilk.mp3', '/uploads/Audio/phrases/An/normal/heLIkesJuiceButHeDoesntLikeMilk.mp3', 9, '2017-07-13 00:33:32', '2017-07-13 00:33:32'),
(450, 'Here is your salad', 'Rau của bạn đây', 'here-is-your-salad', '/uploads/Audio/phrases/An/slow/heresYourSalad.mp3', '/uploads/Audio/phrases/An/normal/heresYourSalad.mp3', 9, '2017-07-13 00:34:06', '2017-07-13 00:34:06'),
(451, 'Here''s your order', 'Đây là món hàng bạn đặt', 'heres-your-order', '/uploads/Audio/phrases/An/slow/heresYourOrder.mp3', '/uploads/Audio/phrases/An/normal/heresYourOrder.mp3', 9, '2017-07-13 00:34:42', '2017-07-13 00:34:42'),
(452, 'How does it taste?', 'Nó có vị ra sao?', 'how-does-it-taste', '/uploads/Audio/phrases/An/slow/howDoesItTaste.mp3', '/uploads/Audio/phrases/An/normal/howDoesItTaste.mp3', 9, '2017-07-13 00:35:10', '2017-07-13 00:35:10'),
(453, 'How many people?', 'Bao nhiêu người?', 'how-many-people', '/uploads/Audio/phrases/An/slow/howManyPeople.mp3', '/uploads/Audio/phrases/An/normal/howManyPeople.mp3', 9, '2017-07-13 00:35:39', '2017-07-13 00:35:39'),
(454, 'I agree', 'Tôi đồng ý', 'i-agree', '/uploads/Audio/phrases/An/slow/iAgree.mp3', '/uploads/Audio/phrases/An/normal/iAgree.mp3', 9, '2017-07-13 00:40:01', '2017-07-13 00:40:01'),
(455, 'I''d like a table near the window', 'Tôi muốn một phòng gần cửa sổ', 'id-like-a-table-near-the-window', '/uploads/Audio/phrases/An/slow/IdLikeATableNearTheWindow.mp3', '/uploads/Audio/phrases/An/normal/IdLikeATableNearTheWindow.mp3', 9, '2017-07-13 00:40:32', '2017-07-13 00:40:32'),
(456, 'I''d like to call the United States', 'Tôi muốn gọi sang Mỹ', 'id-like-to-call-the-united-states', '/uploads/Audio/phrases/An/slow/idLikeToCallTheUnitedStates.mp3', '/uploads/Audio/phrases/An/normal/idLikeToCallTheUnitedStates.mp3', 9, '2017-07-13 00:41:08', '2017-07-13 00:41:08'),
(457, 'I haven''t been there', 'Tôi đã không ở đó', 'i-havent-been-there', '/uploads/Audio/phrases/An/slow/IHaventBeenThere.mp3', '/uploads/Audio/phrases/An/normal/IHaventBeenThere.mp3', 9, '2017-07-13 00:41:46', '2017-07-13 00:41:46'),
(458, 'I haven''t finished eating', 'Tôi chưa ăn xong', 'i-havent-finished-eating', '/uploads/Audio/phrases/An/slow/IHaventFinishedEating.mp3', '/uploads/Audio/phrases/An/normal/IHaventFinishedEating.mp3', 9, '2017-07-13 00:42:23', '2017-07-13 00:42:23'),
(459, 'I like it', 'Tôi thích nó', 'i-like-it', '/uploads/Audio/phrases/An/slow/ILikeIt.mp3', '/uploads/Audio/phrases/An/normal/ILikeIt.mp3', 9, '2017-07-13 00:43:16', '2017-07-13 00:43:16'),
(460, 'I''ll give you a call', 'Tôi sẽ gọi điện cho bạn', 'ill-give-you-a-call', '/uploads/Audio/phrases/An/slow/illGiveYouACall.mp3', '/uploads/Audio/phrases/An/normal/illGiveYouACall.mp3', 9, '2017-07-13 00:43:58', '2017-07-13 00:43:58'),
(461, 'I''ll have a cup of tea please', 'Tôi sẽ uống một tách trà, xin vui lòng', 'ill-have-a-cup-of-tea-please', '/uploads/Audio/phrases/An/slow/illHaveACupOfTeaPlease.mp3', '/uploads/Audio/phrases/An/normal/illHaveACupOfTeaPlease.mp3', 9, '2017-07-13 00:44:53', '2017-07-13 00:44:53'),
(462, 'I''ll have a glass of water please', 'Tôi sẽ uống một ly nước, xin vui lòng', 'ill-have-a-glass-of-water-please', '/uploads/Audio/phrases/An/slow/illHaveAGlassOfWaterPlease.mp3', '/uploads/Audio/phrases/An/normal/illHaveAGlassOfWaterPlease.mp3', 9, '2017-07-13 00:45:36', '2017-07-13 00:45:36'),
(463, 'I''m from America', 'Tôi từ Mỹ tới', 'im-from-america', '/uploads/Audio/phrases/An/slow/imFromAmerica.mp3', '/uploads/Audio/phrases/An/normal/imFromAmerica.mp3', 9, '2017-07-13 00:46:09', '2017-07-13 00:46:09'),
(464, 'I''m going to bed', 'Tôi sẽ đi ngủ', 'im-going-to-bed', '/uploads/Audio/phrases/An/slow/ImGoingToBed.mp3', '/uploads/Audio/phrases/An/normal/ImGoingToBed.mp3', 9, '2017-07-13 00:46:41', '2017-07-13 00:46:41'),
(465, 'I''m here on business', 'Tôi ở đây để làm ăn', 'im-here-on-business', '/uploads/Audio/phrases/An/slow/ImHereOnBusiness.mp3', '/uploads/Audio/phrases/An/normal/ImHereOnBusiness.mp3', 9, '2017-07-13 00:47:15', '2017-07-13 00:47:15'),
(466, 'I''m sorry', 'Tôi rất tiếc', 'im-sorry', '/uploads/Audio/phrases/An/slow/ImSorry.mp3', '/uploads/Audio/phrases/An/normal/ImSorry.mp3', 9, '2017-07-13 00:47:59', '2017-07-13 00:47:59'),
(467, 'I only have 5 dollars', 'Tôi chỉ có 5 đô la', 'i-only-have-5-dollars', '/uploads/Audio/phrases/An/slow/IOnlyHave5Dollars.mp3', '/uploads/Audio/phrases/An/normal/IOnlyHave5Dollars.mp3', 9, '2017-07-13 00:48:39', '2017-07-13 00:48:39'),
(468, 'I think I need to see a doctor', 'Tôi nghĩ tôi cần gặp bác sĩ', 'i-think-i-need-to-see-a-doctor', '/uploads/Audio/phrases/An/slow/IThinkINeedToSeeADoctor.mp3', '/uploads/Audio/phrases/An/normal/IThinkINeedToSeeADoctor.mp3', 9, '2017-07-13 00:49:16', '2017-07-13 00:49:16'),
(469, 'It''s August 25th', 'Hôm nay là 25 tháng 8', 'its-august-25th', '/uploads/Audio/phrases/An/slow/itsAugust25th.mp3', '/uploads/Audio/phrases/An/normal/itsAugust25th.mp3', 9, '2017-07-13 00:50:02', '2017-07-13 00:50:02'),
(470, 'I understand', 'Tôi hiểu', 'i-understand', '/uploads/Audio/phrases/An/slow/IUnderstand.mp3', '/uploads/Audio/phrases/An/normal/IUnderstand.mp3', 9, '2017-07-13 00:50:32', '2017-07-13 00:50:32'),
(471, 'June 3rd', 'Mùng 3 tháng 6', 'june-3rd', '/uploads/Audio/phrases/An/slow/june3rd.mp3', '/uploads/Audio/phrases/An/normal/june3rd.mp3', 9, '2017-07-13 00:51:04', '2017-07-13 00:51:04'),
(472, 'The food was delicious', 'Thức ăn ngon', 'the-food-was-delicious', '/uploads/Audio/phrases/An/slow/theFoodWasDelicious.mp3', '/uploads/Audio/phrases/An/normal/theFoodWasDelicious.mp3', 9, '2017-07-13 00:51:39', '2017-07-13 00:51:39'),
(473, 'There are some apples in the refrigerator', 'Có vài trái táo trong tủ lạnh', 'there-are-some-apples-in-the-refrigerator', '/uploads/Audio/phrases/An/slow/thereAreSomeApplesInTheRefrigerator.mp3', '/uploads/Audio/phrases/An/normal/thereAreSomeApplesInTheRefrigerator.mp3', 9, '2017-07-13 00:52:21', '2017-07-13 00:52:21'),
(474, 'There''s a restaurant near here', 'Có một nhà hàng gần đây', 'theres-a-restaurant-near-here', '/uploads/Audio/phrases/An/slow/theresARestaurantNearHere.mp3', '/uploads/Audio/phrases/An/normal/theresARestaurantNearHere.mp3', 9, '2017-07-13 00:52:56', '2017-07-13 00:52:56'),
(475, 'There''s a restaurant over there, but I don''t think it''s very good', 'Có một nhà hàng ở đằng kia, nhưng tôi không nghĩ là nó ngon lắm', 'theres-a-restaurant-over-there-but-i-dont-think-its-very-good', '/uploads/Audio/phrases/An/slow/theresARestaurantOverThereButIDontThinkItsVeryGood.mp3', '/uploads/Audio/phrases/An/normal/theresARestaurantOverThereButIDontThinkItsVeryGood.mp3', 9, '2017-07-13 00:53:52', '2017-07-13 00:53:52'),
(476, 'Waiter', 'Anh phục vụ', 'waiter', '/uploads/Audio/phrases/An/slow/waiter.mp3', '/uploads/Audio/phrases/An/normal/waiter.mp3', 9, '2017-07-13 00:54:28', '2017-07-13 00:54:28'),
(477, 'Waitress', 'Cô phục vụ', 'waitress', '/uploads/Audio/phrases/An/slow/waitress.mp3', '/uploads/Audio/phrases/An/normal/waitress.mp3', 9, '2017-07-13 00:55:18', '2017-07-13 00:55:18'),
(478, 'We can eat Italian or Chinese food', 'Chúng tôi có thể ăn thức ăn Ý hoặc Trung Hoa', 'we-can-eat-italian-or-chinese-food', '/uploads/Audio/phrases/An/slow/weCanEatItalianOrChineseFood.mp3', '/uploads/Audio/phrases/An/normal/weCanEatItalianOrChineseFood.mp3', 9, '2017-07-13 00:55:51', '2017-07-13 00:55:51'),
(479, 'We''ll have two glasses of water please', 'Chúng tôi sẽ dùng 2 ly nước, xin vui lòng', 'well-have-two-glasses-of-water-please', '/uploads/Audio/phrases/An/slow/wellHaveTwoGlassesOfWaterPlease.mp3', '/uploads/Audio/phrases/An/normal/wellHaveTwoGlassesOfWaterPlease.mp3', 9, '2017-07-13 00:56:32', '2017-07-13 00:56:32'),
(480, 'What are you going to have?', 'Bạn sẽ dùng gì?', 'what-are-you-going-to-have', '/uploads/Audio/phrases/An/slow/whatAreYouGoingToHave.mp3', '/uploads/Audio/phrases/An/normal/whatAreYouGoingToHave.mp3', 9, '2017-07-13 00:57:23', '2017-07-13 00:57:23'),
(481, 'What do you recommend?', 'Bạn đề nghị gì?', 'what-do-you-recommend', '/uploads/Audio/phrases/An/slow/whatDoYouRecommend.mp3', '/uploads/Audio/phrases/An/normal/whatDoYouRecommend.mp3', 9, '2017-07-13 00:57:57', '2017-07-13 00:57:57'),
(482, 'What''s your email address?', 'Địa chỉ email của bạn là gì?', 'whats-your-email-address', '/uploads/Audio/phrases/An/slow/whatsYourEmailAddress.mp3', '/uploads/Audio/phrases/An/normal/whatsYourEmailAddress.mp3', 9, '2017-07-13 00:58:36', '2017-07-13 00:58:36'),
(483, 'What would you like to drink?', 'Bạn muốn uống gì?', 'what-would-you-like-to-drink', '/uploads/Audio/phrases/An/slow/whatWouldYouLikeToDrink.mp3', '/uploads/Audio/phrases/An/normal/whatWouldYouLikeToDrink.mp3', 9, '2017-07-13 00:59:56', '2017-07-13 00:59:56'),
(484, 'What would you like to eat?', 'Bạn muốn ăn gì?', 'what-would-you-like-to-eat', '/uploads/Audio/phrases/An/slow/whatWouldYouLikeToEat.mp3', '/uploads/Audio/phrases/An/normal/whatWouldYouLikeToEat.mp3', 9, '2017-07-13 01:00:54', '2017-07-13 01:00:54'),
(485, 'Where is an ATM?', 'Máy rút tiền tự động ở đâu?', 'where-is-an-atm', '/uploads/Audio/phrases/An/slow/whereIsAnATM.mp3', '/uploads/Audio/phrases/An/normal/whereIsAnATM.mp3', 9, '2017-07-13 01:01:23', '2017-07-13 01:01:23'),
(486, 'Where is there a doctor who speaks English?', 'Ở đâu có một bác sĩ nói tiếng Anh?', 'where-is-there-a-doctor-who-speaks-english', '/uploads/Audio/phrases/An/slow/whereIsThereADoctorWhoSpeaksEnglish.mp3', '/uploads/Audio/phrases/An/normal/whereIsThereADoctorWhoSpeaksEnglish.mp3', 9, '2017-07-13 01:02:01', '2017-07-13 01:02:01'),
(487, 'Which one?', 'Cái nào?', 'which-one', '/uploads/Audio/phrases/An/slow/whichOne.mp3', '/uploads/Audio/phrases/An/normal/whichOne.mp3', 9, '2017-07-13 01:02:37', '2017-07-13 01:02:37'),
(488, 'Would you ask him to come here?', 'Làm ơn nói anh ta tới đây?', 'would-you-ask-him-to-come-here', '/uploads/Audio/phrases/An/slow/wouldYouAskHimToComeHere.mp3', '/uploads/Audio/phrases/An/normal/wouldYouAskHimToComeHere.mp3', 9, '2017-07-13 01:12:02', '2017-07-13 01:12:02'),
(489, 'Would you like a glass of water?', 'Bạn muốn một ly nước không?', 'would-you-like-a-glass-of-water', '/uploads/Audio/phrases/An/slow/wouldYouLikeAGlassOfWater.mp3', '/uploads/Audio/phrases/An/normal/wouldYouLikeAGlassOfWater.mp3', 9, '2017-07-13 01:12:36', '2017-07-13 01:12:36'),
(490, 'Would you like coffee or tea?', 'Bạn muốn uống cà phê hay trà?', 'would-you-like-coffee-or-tea', '/uploads/Audio/phrases/An/slow/wouldYouLikeCoffeeOrTea.mp3', '/uploads/Audio/phrases/An/normal/wouldYouLikeCoffeeOrTea.mp3', 9, '2017-07-13 01:13:13', '2017-07-13 01:13:13'),
(491, 'Would you like something to drink?', 'Bạn muốn uống thứ gì không?', 'would-you-like-something-to-drink', '/uploads/Audio/phrases/An/slow/wouldYouLikeSomethingToDrink.mp3', '/uploads/Audio/phrases/An/normal/wouldYouLikeSomethingToDrink.mp3', 9, '2017-07-13 01:14:08', '2017-07-13 01:14:08'),
(492, 'Would you like some water?', 'Bạn muốn một ít nước không?', 'would-you-like-some-water', '/uploads/Audio/phrases/An/slow/wouldYouLikeSomeWater.mp3', '/uploads/Audio/phrases/An/normal/wouldYouLikeSomeWater.mp3', 9, '2017-07-13 01:14:56', '2017-07-13 01:14:56'),
(493, 'Would you like some wine?', 'Bạn muốn một ít rượu không?', 'would-you-like-some-wine', '/uploads/Audio/phrases/An/slow/wouldYouLikeSomeWine.mp3', '/uploads/Audio/phrases/An/normal/wouldYouLikeSomeWine.mp3', 9, '2017-07-13 01:15:46', '2017-07-13 01:15:46'),
(494, 'Would you like to go for a walk?', 'Bạn muốn đi dạo không?', 'would-you-like-to-go-for-a-walk', '/uploads/Audio/phrases/An/slow/wouldYouLikeToGoForAWalk.mp3', '/uploads/Audio/phrases/An/normal/wouldYouLikeToGoForAWalk.mp3', 9, '2017-07-13 01:16:26', '2017-07-13 01:16:26'),
(495, 'Would you like to watch TV?', 'Bạn muốn xem tivi không?', 'would-you-like-to-watch-tv', '/uploads/Audio/phrases/An/slow/wouldYouLikeToWatchTV.mp3', '/uploads/Audio/phrases/An/normal/wouldYouLikeToWatchTV.mp3', 9, '2017-07-13 01:16:58', '2017-07-13 01:16:58'),
(496, 'Are you American?', 'Bạn có phải là người Mỹ không?', 'are-you-american', '/uploads/Audio/phrases/Ket-ban/slow/areYouAmerican.mp3', '/uploads/Audio/phrases/Ket-ban/normal/areYouAmerican.mp3', 10, '2017-07-13 01:18:49', '2017-07-13 01:18:49'),
(497, 'Are you coming this evening?', 'Tối nay bạn tới không?', 'are-you-coming-this-evening', '/uploads/Audio/phrases/Ket-ban/slow/areYouComingThisEvening.mp3', '/uploads/Audio/phrases/Ket-ban/normal/areYouComingThisEvening.mp3', 10, '2017-07-13 01:19:34', '2017-07-13 01:19:34'),
(498, 'Are you free tonight?', 'Tối nay bạn rảnh không?', 'are-you-free-tonight', '/uploads/Audio/phrases/Ket-ban/slow/areYouFreeTonight.mp3', '/uploads/Audio/phrases/Ket-ban/normal/areYouFreeTonight.mp3', 10, '2017-07-13 01:20:07', '2017-07-13 01:20:07'),
(499, 'Are you going to take a plane or train?', 'Bạn sẽ đi máy bay hay tàu hỏa?', 'are-you-going-to-take-a-plane-or-train', '/uploads/Audio/phrases/Ket-ban/slow/areYouGoingToTakeAPlaneOrTrain.mp3', '/uploads/Audio/phrases/Ket-ban/normal/areYouGoingToTakeAPlaneOrTrain.mp3', 10, '2017-07-13 01:21:14', '2017-07-13 01:21:14'),
(500, 'Are you hungry?', 'Bạn có đói không?', 'are-you-hungry', '/uploads/Audio/phrases/Ket-ban/slow/areYouHungry.mp3', '/uploads/Audio/phrases/Ket-ban/normal/areYouHungry.mp3', 10, '2017-07-13 01:21:41', '2017-07-13 01:21:41'),
(501, 'Are you sure?', 'Bạn chắc không?', 'are-you-sure', '/uploads/Audio/phrases/Ket-ban/slow/areYouSure.mp3', '/uploads/Audio/phrases/Ket-ban/normal/areYouSure.mp3', 10, '2017-07-13 01:22:41', '2017-07-13 01:22:41'),
(502, 'Are you working Tomorrow?', 'Ngày mai bạn có làm việc không?', 'are-you-working-tomorrow', '/uploads/Audio/phrases/Ket-ban/slow/areYouWorkingTomorrow.mp3', '/uploads/Audio/phrases/Ket-ban/normal/areYouWorkingTomorrow.mp3', 10, '2017-07-13 01:23:11', '2017-07-13 01:23:11'),
(503, 'Business is good', 'Việc làm ăn tốt', 'business-is-good', '/uploads/Audio/phrases/Ket-ban/slow/businessIsGood.mp3', '/uploads/Audio/phrases/Ket-ban/normal/businessIsGood.mp3', 10, '2017-07-13 01:23:46', '2017-07-13 01:23:46'),
(504, 'Cheers', 'Chúc sức khỏe', 'cheers', '/uploads/Audio/phrases/Ket-ban/slow/cheers.mp3', '/uploads/Audio/phrases/Ket-ban/normal/cheers.mp3', 10, '2017-07-13 01:24:18', '2017-07-13 01:24:18'),
(505, 'Did it snow yesterday?', 'Trời có tuyết hôm qua không?', 'did-it-snow-yesterday', '/uploads/Audio/phrases/Ket-ban/slow/didItSnowYesterday.mp3', '/uploads/Audio/phrases/Ket-ban/normal/didItSnowYesterday.mp3', 10, '2017-07-13 01:24:50', '2017-07-13 01:24:50'),
(506, 'Did you get my email?', 'Bạn có nhận được email của tôi không?', 'did-you-get-my-email', '/uploads/Audio/phrases/Ket-ban/slow/didYouGetMyEmail.mp3', '/uploads/Audio/phrases/Ket-ban/normal/didYouGetMyEmail.mp3', 10, '2017-07-13 01:25:27', '2017-07-13 01:25:27'),
(507, 'Did you take your medicine?', 'Bạn đã uống thuốc chưa?', 'did-you-take-your-medicine', '/uploads/Audio/phrases/Ket-ban/slow/didYouTakeYourMedicine.mp3', '/uploads/Audio/phrases/Ket-ban/normal/didYouTakeYourMedicine.mp3', 10, '2017-07-13 01:25:55', '2017-07-13 01:25:55'),
(508, 'Do you feel better?', 'Bạn có cảm thấy khỏe hơn không?', 'do-you-feel-better', '/uploads/Audio/phrases/Ket-ban/slow/doYouFeelBetter.mp3', '/uploads/Audio/phrases/Ket-ban/normal/doYouFeelBetter.mp3', 10, '2017-07-13 01:26:41', '2017-07-13 01:26:41'),
(509, 'Do you go to Florida often?', 'Bạn có thường đi Florida không?', 'do-you-go-to-florida-often', '/uploads/Audio/phrases/Ket-ban/slow/doYouGoToFloridaOften.mp3', '/uploads/Audio/phrases/Ket-ban/normal/doYouGoToFloridaOften.mp3', 10, '2017-07-13 01:27:16', '2017-07-13 01:27:16'),
(510, 'Do you have another one?', 'Bạn có cái khác không?', 'do-you-have-another-one', '/uploads/Audio/phrases/Ket-ban/slow/doYouHaveAnotherOne.mp3', '/uploads/Audio/phrases/Ket-ban/normal/doYouHaveAnotherOne.mp3', 10, '2017-07-13 01:27:52', '2017-07-13 01:27:52'),
(511, 'Do you know where there''s a store that sells towels?', 'Bạn có biết ở đâu có cửa hàng bán khăn tắm không?', 'do-you-know-where-theres-a-store-that-sells-towels', '/uploads/Audio/phrases/Ket-ban/slow/doYouKnowWhereTheresAStoreThatSellsTowels.mp3', '/uploads/Audio/phrases/Ket-ban/normal/doYouKnowWhereTheresAStoreThatSellsTowels.mp3', 10, '2017-07-13 01:28:31', '2017-07-13 01:28:31'),
(512, 'Do you like it here?', 'Bạn có thích nơi đây không?', 'do-you-like-it-here', '/uploads/Audio/phrases/Ket-ban/slow/doYouLikeItHere.mp3', '/uploads/Audio/phrases/Ket-ban/normal/doYouLikeItHere.mp3', 10, '2017-07-13 01:29:12', '2017-07-13 01:29:12'),
(513, 'Do you like the book?', 'Bạn có thích quyển sách này không?', 'do-you-like-the-book', '/uploads/Audio/phrases/Ket-ban/slow/doYouLikeTheBook.mp3', '/uploads/Audio/phrases/Ket-ban/normal/doYouLikeTheBook.mp3', 10, '2017-07-13 01:29:45', '2017-07-13 01:29:45'),
(514, 'Do you need anything?', 'Bạn có cần gì không?', 'do-you-need-anything', '/uploads/Audio/phrases/Ket-ban/slow/doYouNeedAnything.mp3', '/uploads/Audio/phrases/Ket-ban/normal/doYouNeedAnything.mp3', 10, '2017-07-13 01:30:24', '2017-07-13 01:30:24'),
(515, 'Do you play any sports?', 'Bạn có chơi môn thể thao nào không?', 'do-you-play-any-sports', '/uploads/Audio/phrases/Ket-ban/slow/doYouPlayAnySports.mp3', '/uploads/Audio/phrases/Ket-ban/normal/doYouPlayAnySports.mp3', 10, '2017-07-13 01:31:19', '2017-07-13 01:31:19'),
(516, 'Do you sell medicine?', 'Bạn có bán dược phẩm không?', 'do-you-sell-medicine', '/uploads/Audio/phrases/Ket-ban/slow/doYouSellMedicine.mp3', '/uploads/Audio/phrases/Ket-ban/normal/doYouSellMedicine.mp3', 10, '2017-07-13 01:31:55', '2017-07-13 01:31:55'),
(517, 'Do you study English?', 'Bạn có học tiếng Anh không?', 'do-you-study-english', '/uploads/Audio/phrases/Ket-ban/slow/doYouStudyEnglish.mp3', '/uploads/Audio/phrases/Ket-ban/normal/doYouStudyEnglish.mp3', 10, '2017-07-13 01:32:36', '2017-07-13 01:32:36'),
(518, 'Do you want to come with me?', 'Bạn có muốn đi với tôi không?', 'do-you-want-to-come-with-me', '/uploads/Audio/phrases/Ket-ban/slow/doYouWantToComeWithMe.mp3', '/uploads/Audio/phrases/Ket-ban/normal/doYouWantToComeWithMe.mp3', 10, '2017-07-13 01:33:40', '2017-07-13 01:33:40'),
(519, 'Do you want to go with me?', 'Bạn có muốn đi với tôi không?(2)', 'do-you-want-to-go-with-me', '/uploads/Audio/phrases/Ket-ban/slow/doYouWantToGoWithMe.mp3', '/uploads/Audio/phrases/Ket-ban/normal/doYouWantToGoWithMe.mp3', 10, '2017-07-13 01:34:16', '2017-07-13 01:34:16'),
(520, 'Excuse me', 'Xin lỗi', 'excuse-me', '/uploads/Audio/phrases/Ket-ban/slow/excuseMe.mp3', '/uploads/Audio/phrases/Ket-ban/normal/excuseMe.mp3', 10, '2017-07-13 01:34:55', '2017-07-13 01:34:55'),
(521, 'Give me a call', 'Gọi điện cho tôi', 'give-me-a-call', '/uploads/Audio/phrases/Ket-ban/slow/giveMeACall.mp3', '/uploads/Audio/phrases/Ket-ban/normal/giveMeACall.mp3', 10, '2017-07-13 01:35:28', '2017-07-13 01:35:28'),
(522, 'Has your brother been to California?', 'Anh của bạn đã từng tới California chưa?', 'has-your-brother-been-to-california', '/uploads/Audio/phrases/Ket-ban/slow/hasYourBrotherBeenToCalifornia.mp3', '/uploads/Audio/phrases/Ket-ban/normal/hasYourBrotherBeenToCalifornia.mp3', 10, '2017-07-13 01:36:16', '2017-07-13 01:36:16'),
(523, 'Have they met her yet?', 'Họ gặp cô ta chưa?', 'have-they-met-her-yet', '/uploads/Audio/phrases/Ket-ban/slow/haveTheyMetHerYet.mp3', '/uploads/Audio/phrases/Ket-ban/normal/haveTheyMetHerYet.mp3', 10, '2017-07-13 01:36:54', '2017-07-13 01:36:54'),
(524, 'Have you done this before?', 'Bạn đã làm việc này trước đây chưa?', 'have-you-done-this-before', '/uploads/Audio/phrases/Ket-ban/slow/haveYouDoneThisBefore.mp3', '/uploads/Audio/phrases/Ket-ban/normal/haveYouDoneThisBefore.mp3', 10, '2017-07-13 01:37:28', '2017-07-13 01:37:28'),
(525, 'How long have you been here?', 'Bạn đã ở đây bao lâu?', 'how-long-have-you-been-here', '/uploads/Audio/phrases/Ket-ban/slow/howLongHaveYouBeenHere.mp3', '/uploads/Audio/phrases/Ket-ban/normal/howLongHaveYouBeenHere.mp3', 10, '2017-07-13 01:38:04', '2017-07-13 01:38:04'),
(526, 'How long have you been in America?', 'Bạn đã ở Mỹ bao lâu?', 'how-long-have-you-been-in-america', '/uploads/Audio/phrases/Ket-ban/slow/howLongHaveYouBeenInAmerica.mp3', '/uploads/Audio/phrases/Ket-ban/normal/howLongHaveYouBeenInAmerica.mp3', 10, '2017-07-13 01:38:44', '2017-07-13 01:38:44'),
(527, 'How long have you lived here?', 'Bạn đã sống ở đây bao lâu?', 'how-long-have-you-lived-here', '/uploads/Audio/phrases/Ket-ban/slow/howLongHaveYouLivedHere.mp3', '/uploads/Audio/phrases/Ket-ban/normal/howLongHaveYouLivedHere.mp3', 10, '2017-07-13 01:39:18', '2017-07-13 01:39:18'),
(528, 'How many children do you have?', 'Bạn có bao nhiêu người con?', 'how-many-children-do-you-have', '/uploads/Audio/phrases/Ket-ban/slow/howManyChildrenDoYouHave.mp3', '/uploads/Audio/phrases/Ket-ban/normal/howManyChildrenDoYouHave.mp3', 10, '2017-07-13 01:40:00', '2017-07-13 01:40:00'),
(529, 'How many languages do you speak?', 'Bạn nói bao nhiêu ngôn ngữ?', 'how-many-languages-do-you-speak', '/uploads/Audio/phrases/Ket-ban/slow/howManyLanguagesDoYouSpeak.mp3', '/uploads/Audio/phrases/Ket-ban/normal/howManyLanguagesDoYouSpeak.mp3', 10, '2017-07-13 01:40:40', '2017-07-13 01:40:40'),
(530, 'How many people do you have in your family?', 'Bạn có bao nhiêu người trong gia đình?', 'how-many-people-do-you-have-in-your-family', '/uploads/Audio/phrases/Ket-ban/slow/howManyPeopleDoYouHaveInYourFamily.mp3', '/uploads/Audio/phrases/Ket-ban/normal/howManyPeopleDoYouHaveInYourFamily.mp3', 10, '2017-07-13 01:41:28', '2017-07-13 01:41:28'),
(531, 'How much would you like?', 'Bạn muốn bao nhiêu?', 'how-much-would-you-like', '/uploads/Audio/phrases/Ket-ban/slow/howMuchWouldYouLike.mp3', '/uploads/Audio/phrases/Ket-ban/normal/howMuchWouldYouLike.mp3', 10, '2017-07-13 01:42:11', '2017-07-13 01:42:11'),
(532, 'How old are you?', 'Bạn bao nhiêu tuổi?', 'how-old-are-you', '/uploads/Audio/phrases/Ket-ban/slow/howOldAreYou.mp3', '/uploads/Audio/phrases/Ket-ban/normal/howOldAreYou.mp3', 10, '2017-07-13 01:43:47', '2017-07-13 01:43:47'),
(533, 'I bought a shirt yesterday', 'Hôm qua tôi mua một cái áo sơ mi', 'i-bought-a-shirt-yesterday', '/uploads/Audio/phrases/Ket-ban/slow/iBoughtAShirtYesterday.mp3', '/uploads/Audio/phrases/Ket-ban/normal/iBoughtAShirtYesterday.mp3', 10, '2017-07-13 01:44:22', '2017-07-13 01:44:22'),
(534, 'I don''t feel well', 'Tôi không cảm thấy khỏe', 'i-dont-feel-well', '/uploads/Audio/phrases/Ket-ban/slow/iDontFeelWell.mp3', '/uploads/Audio/phrases/Ket-ban/normal/iDontFeelWell.mp3', 10, '2017-07-13 01:44:56', '2017-07-13 01:44:56'),
(535, 'I have pain in my arm', 'Tôi bị đau ở tay', 'i-have-pain-in-my-arm', '/uploads/Audio/phrases/Ket-ban/slow/IHavePainInMyArm.mp3', '/uploads/Audio/phrases/Ket-ban/normal/IHavePainInMyArm.mp3', 10, '2017-07-13 01:45:49', '2017-07-13 01:45:49'),
(536, 'I have to wash my clothes', 'Tôi phải giặt quần áo', 'i-have-to-wash-my-clothes', '/uploads/Audio/phrases/Ket-ban/slow/IHaveToWashMyClothes.mp3', '/uploads/Audio/phrases/Ket-ban/normal/IHaveToWashMyClothes.mp3', 10, '2017-07-13 01:46:36', '2017-07-13 01:46:36'),
(537, 'I have two sisters', 'Tôi có 2 người chị', 'i-have-two-sisters', '/uploads/Audio/phrases/Ket-ban/slow/IHave2Sisters.mp3', '/uploads/Audio/phrases/Ket-ban/normal/IHave2Sisters.mp3', 10, '2017-07-13 01:47:16', '2017-07-13 01:47:16'),
(538, 'I''ll tell him you called', 'Tôi sẽ nói với anh ta là bạn đã gọi điện', 'ill-tell-him-you-called', '/uploads/Audio/phrases/Ket-ban/slow/illTellHimYouCalled.mp3', '/uploads/Audio/phrases/Ket-ban/normal/illTellHimYouCalled.mp3', 10, '2017-07-13 01:47:56', '2017-07-13 01:47:56'),
(539, 'I''m 32', 'Tôi 32', 'im-32', '/uploads/Audio/phrases/Ket-ban/slow/im32.mp3', '/uploads/Audio/phrases/Ket-ban/normal/im32.mp3', 10, '2017-07-13 01:48:41', '2017-07-13 01:48:41'),
(540, 'I''m 6''2"', 'Tôi cao 6''2"', 'im-62', '/uploads/Audio/phrases/Ket-ban/slow/im6foot2.mp3', '/uploads/Audio/phrases/Ket-ban/normal/im6foot2.mp3', 10, '2017-07-13 01:49:43', '2017-07-13 01:49:43'),
(541, 'I''m allergic to seafood', 'Tôi dị ứng hải sản', 'im-allergic-to-seafood', '/uploads/Audio/phrases/Ket-ban/slow/imAllergicToSeafood.mp3', '/uploads/Audio/phrases/Ket-ban/normal/imAllergicToSeafood.mp3', 10, '2017-07-13 01:50:21', '2017-07-13 01:50:21'),
(542, 'I''m American', 'Tôi là người Mỹ', 'im-american', '/uploads/Audio/phrases/Ket-ban/slow/imAmerican.mp3', '/uploads/Audio/phrases/Ket-ban/normal/imAmerican.mp3', 10, '2017-07-13 01:52:50', '2017-07-13 01:52:50'),
(543, 'I''m a size 8', 'Tôi cỡ 8', 'im-a-size-8', '/uploads/Audio/phrases/Ket-ban/slow/imASize8.mp3', '/uploads/Audio/phrases/Ket-ban/normal/imASize8.mp3', 10, '2017-07-13 01:53:27', '2017-07-13 01:53:27');
INSERT INTO `phrases` (`id`, `english`, `vietnamese`, `alias`, `audio_slow`, `audio_normal`, `cat_phrase_id`, `created_at`, `updated_at`) VALUES
(544, 'I''m fine, and you?', 'Tôi khỏe, còn bạn?(2)', 'im-fine-and-you', '/uploads/Audio/phrases/Ket-ban/slow/imFineAndYou.mp3', '/uploads/Audio/phrases/Ket-ban/normal/imFineAndYou.mp3', 10, '2017-07-13 01:54:14', '2017-07-13 01:54:58'),
(545, 'I''m not afraid', 'Tôi không sợ', 'im-not-afraid', '/uploads/Audio/phrases/Ket-ban/slow/ImNotAfraid.mp3', '/uploads/Audio/phrases/Ket-ban/normal/ImNotAfraid.mp3', 10, '2017-07-13 01:55:48', '2017-07-13 01:55:48'),
(546, 'I''m sick', 'Tôi ốm', 'im-sick', '/uploads/Audio/phrases/Ket-ban/slow/imSick.mp3', '/uploads/Audio/phrases/Ket-ban/normal/imSick.mp3', 10, '2017-07-13 01:56:26', '2017-07-13 01:56:26'),
(547, 'I remember', 'Tôi nhớ', 'i-remember', '/uploads/Audio/phrases/Ket-ban/slow/IRemember.mp3', '/uploads/Audio/phrases/Ket-ban/normal/IRemember.mp3', 10, '2017-07-13 01:57:05', '2017-07-13 01:57:05'),
(548, 'I speak a little English', 'Tôi nói một chút tiếng Anh', 'i-speak-a-little-english', '/uploads/Audio/phrases/Ket-ban/slow/ISpeakALittleEnglish.mp3', '/uploads/Audio/phrases/Ket-ban/normal/ISpeakALittleEnglish.mp3', 10, '2017-07-13 01:57:45', '2017-07-13 01:57:45'),
(549, 'Is your house like this one?', 'Nhà của bạn có giống căn nhà này không?', 'is-your-house-like-this-one', '/uploads/Audio/phrases/Ket-ban/slow/isYourHouseLikeThisOne.mp3', '/uploads/Audio/phrases/Ket-ban/normal/isYourHouseLikeThisOne.mp3', 10, '2017-07-13 01:58:31', '2017-07-13 01:58:31'),
(550, 'Is your husband also from Boston?', 'Chồng của bạn cũng từ Boston hả?', 'is-your-husband-also-from-boston', '/uploads/Audio/phrases/Ket-ban/slow/isYourHusbandAlsoFromBoston.mp3', '/uploads/Audio/phrases/Ket-ban/normal/isYourHusbandAlsoFromBoston.mp3', 10, '2017-07-13 01:59:37', '2017-07-13 01:59:37'),
(551, 'It''s not very expensive', 'Nó không đắt lắm', 'its-not-very-expensive', '/uploads/Audio/phrases/Ket-ban/slow/itsNotVeryExpensive.mp3', '/uploads/Audio/phrases/Ket-ban/normal/itsNotVeryExpensive.mp3', 10, '2017-07-13 02:00:21', '2017-07-13 02:00:21'),
(552, 'I''ve been there', 'Tôi đã ở đó', 'ive-been-there', '/uploads/Audio/phrases/Ket-ban/slow/IveBeenThere.mp3', '/uploads/Audio/phrases/Ket-ban/normal/IveBeenThere.mp3', 10, '2017-07-13 02:01:04', '2017-07-13 02:01:04'),
(553, 'Let''s share', 'Chúng ta hãy chia nhau', 'lets-share', '/uploads/Audio/phrases/Ket-ban/slow/letsShare.mp3', '/uploads/Audio/phrases/Ket-ban/normal/letsShare.mp3', 10, '2017-07-13 02:01:42', '2017-07-13 02:01:42'),
(554, 'My daughter is here', 'Con gái tôi ở đây', 'my-daughter-is-here', '/uploads/Audio/phrases/Ket-ban/slow/myDaughterIsHere.mp3', '/uploads/Audio/phrases/Ket-ban/normal/myDaughterIsHere.mp3', 10, '2017-07-13 02:02:23', '2017-07-13 02:02:23'),
(555, 'My father has been there', 'Bố tôi đã ở đó', 'my-father-has-been-there', '/uploads/Audio/phrases/Ket-ban/slow/myFatherHasBeenThere.mp3', '/uploads/Audio/phrases/Ket-ban/normal/myFatherHasBeenThere.mp3', 10, '2017-07-13 02:03:09', '2017-07-13 02:03:09'),
(556, 'My father is a lawyer', 'Bố tôi là luật sư', 'my-father-is-a-lawyer', '/uploads/Audio/phrases/Ket-ban/slow/myFatherIsALawyer.mp3', '/uploads/Audio/phrases/Ket-ban/normal/myFatherIsALawyer.mp3', 10, '2017-07-13 02:03:51', '2017-07-13 02:03:51'),
(557, 'My grandmother passed away last year', 'Bà tôi mất hồi năm ngoái', 'my-grandmother-passed-away-last-year', '/uploads/Audio/phrases/Ket-ban/slow/myGrandmotherPassedAwayLastYear.mp3', '/uploads/Audio/phrases/Ket-ban/normal/myGrandmotherPassedAwayLastYear.mp3', 10, '2017-07-13 02:04:35', '2017-07-13 02:04:35'),
(558, 'My name is John Smith', 'Tên tôi là John Smith', 'my-name-is-john-smith', '/uploads/Audio/phrases/Ket-ban/slow/myNameIsJohnSmith.mp3', '/uploads/Audio/phrases/Ket-ban/normal/myNameIsJohnSmith.mp3', 10, '2017-07-13 02:05:21', '2017-07-13 02:05:21'),
(559, 'My son', 'Con trai tôi', 'my-son', '/uploads/Audio/phrases/Ket-ban/slow/mySon.mp3', '/uploads/Audio/phrases/Ket-ban/normal/mySon.mp3', 10, '2017-07-13 02:06:10', '2017-07-13 02:06:10'),
(560, 'My son studies computers', 'Con trai tôi học máy tính', 'my-son-studies-computers', '/uploads/Audio/phrases/Ket-ban/slow/mySonStudiesComputers.mp3', '/uploads/Audio/phrases/Ket-ban/normal/mySonStudiesComputers.mp3', 10, '2017-07-13 02:06:53', '2017-07-13 02:06:53'),
(561, 'No, I''m American', 'Không. Tôi là người Mỹ', 'no-im-american', '/uploads/Audio/phrases/Ket-ban/slow/noImAmerican.mp3', '/uploads/Audio/phrases/Ket-ban/normal/noImAmerican.mp3', 10, '2017-07-13 02:07:33', '2017-07-13 02:07:33'),
(562, 'No, this is the first time', 'Không, đây là lần đầu tiên', 'no-this-is-the-first-time', '/uploads/Audio/phrases/Ket-ban/slow/noThisIsTheFirstTime.mp3', '/uploads/Audio/phrases/Ket-ban/normal/noThisIsTheFirstTime.mp3', 10, '2017-07-13 02:08:34', '2017-07-13 02:08:34'),
(563, 'Our children are in America', 'Các con tôi ở Mỹ', 'our-children-are-in-america', '/uploads/Audio/phrases/Ket-ban/slow/ourChildrenAreInAmerica.mp3', '/uploads/Audio/phrases/Ket-ban/normal/ourChildrenAreInAmerica.mp3', 10, '2017-07-13 02:09:12', '2017-07-13 02:09:12'),
(564, 'She''s an expert', 'Cô ta là chuyên gia', 'shes-an-expert', '/uploads/Audio/phrases/Ket-ban/slow/shesAnExpert.mp3', '/uploads/Audio/phrases/Ket-ban/normal/shesAnExpert.mp3', 10, '2017-07-13 02:09:49', '2017-07-13 02:09:49'),
(565, 'She''s older than me', 'Cô ta lớn tuổi hơn tôi', 'shes-older-than-me', '/uploads/Audio/phrases/Ket-ban/slow/shesOlderThanMe.mp3', '/uploads/Audio/phrases/Ket-ban/normal/shesOlderThanMe.mp3', 10, '2017-07-13 02:12:45', '2017-07-13 02:12:45'),
(566, 'That car is similar to my car', 'Chiếc xe đó giống xe của tôi', 'that-car-is-similar-to-my-car', '/uploads/Audio/phrases/Ket-ban/slow/thatCarIsSimilarToMyCar.mp3', '/uploads/Audio/phrases/Ket-ban/normal/thatCarIsSimilarToMyCar.mp3', 10, '2017-07-13 02:13:26', '2017-07-13 02:13:26'),
(567, 'This is Mrs. Smith', 'Đây là bà Smith', 'this-is-mrs-smith', '/uploads/Audio/phrases/Ket-ban/slow/thisIsMrsSmith.mp3', '/uploads/Audio/phrases/Ket-ban/normal/thisIsMrsSmith.mp3', 10, '2017-07-13 02:14:08', '2017-07-13 02:14:08'),
(568, 'This is my mother', 'Đây là mẹ tôi', 'this-is-my-mother', '/uploads/Audio/phrases/Ket-ban/slow/thisIsMyMother.mp3', '/uploads/Audio/phrases/Ket-ban/normal/thisIsMyMother.mp3', 10, '2017-07-13 02:15:24', '2017-07-13 02:15:24'),
(569, 'This is the first time I''ve been here', 'Đây là lần đầu tiên tôi ở đây', 'this-is-the-first-time-ive-been-here', '/uploads/Audio/phrases/Ket-ban/slow/thisIsTheFirstTimeIveBeenHere.mp3', '/uploads/Audio/phrases/Ket-ban/normal/thisIsTheFirstTimeIveBeenHere.mp3', 10, '2017-07-13 02:16:05', '2017-07-13 02:16:05'),
(570, 'We have two boys and one girl', 'Chúng tôi có hai trai và một gái', 'we-have-two-boys-and-one-girl', '/uploads/Audio/phrases/Ket-ban/slow/weHaveTwoBoysAndOneGirl.mp3', '/uploads/Audio/phrases/Ket-ban/normal/weHaveTwoBoysAndOneGirl.mp3', 10, '2017-07-13 02:16:41', '2017-07-13 02:16:41'),
(571, 'What are you going to do tonight?', 'Bạn sẽ làm gì tối nay?', 'what-are-you-going-to-do-tonight', '/uploads/Audio/phrases/Ket-ban/slow/whatAreYouGoingToDoTonight.mp3', '/uploads/Audio/phrases/Ket-ban/normal/whatAreYouGoingToDoTonight.mp3', 10, '2017-07-13 02:17:23', '2017-07-13 02:17:23'),
(572, 'What are your hobbies?', 'Thú vui của bạn là gì?', 'what-are-your-hobbies', '/uploads/Audio/phrases/Ket-ban/slow/whatAreYourHobbies.mp3', '/uploads/Audio/phrases/Ket-ban/normal/whatAreYourHobbies.mp3', 10, '2017-07-13 02:17:59', '2017-07-13 02:17:59'),
(573, 'What do you study?', 'Bạn học gì?', 'what-do-you-study', '/uploads/Audio/phrases/Ket-ban/slow/whatDoYouStudy.mp3', '/uploads/Audio/phrases/Ket-ban/normal/whatDoYouStudy.mp3', 10, '2017-07-13 02:18:42', '2017-07-13 02:18:42'),
(574, 'What do you want to do?', 'Bạn muốn làm gì?', 'what-do-you-want-to-do', '/uploads/Audio/phrases/Ket-ban/slow/whatDoYouWantToDo.mp3', '/uploads/Audio/phrases/Ket-ban/normal/whatDoYouWantToDo.mp3', 10, '2017-07-13 02:19:20', '2017-07-13 02:19:20'),
(575, 'What school did you go to?', 'Bạn đã đi học trường nào?', 'what-school-did-you-go-to', '/uploads/Audio/phrases/Ket-ban/slow/whatSchoolDidYouGoTo.mp3', '/uploads/Audio/phrases/Ket-ban/normal/whatSchoolDidYouGoTo.mp3', 10, '2017-07-13 02:19:58', '2017-07-13 02:19:58'),
(576, 'What''s your favorite movie?', 'Bộ phim ưa thích của bạn là phim gì?', 'whats-your-favorite-movie', '/uploads/Audio/phrases/Ket-ban/slow/whatsYourFavoriateMovie.mp3', '/uploads/Audio/phrases/Ket-ban/normal/whatsYourFavoriateMovie.mp3', 10, '2017-07-13 02:20:37', '2017-07-13 02:20:37'),
(577, 'What''s your last name?', 'Họ của bạn là gì?', 'whats-your-last-name', '/uploads/Audio/phrases/Ket-ban/slow/whatsYourLastName.mp3', '/uploads/Audio/phrases/Ket-ban/normal/whatsYourLastName.mp3', 10, '2017-07-13 02:21:46', '2017-07-13 02:21:46'),
(578, 'What''s your name?', 'Tên của bạn là gì?', 'whats-your-name', '/uploads/Audio/phrases/Ket-ban/slow/whatsYourName.mp3', '/uploads/Audio/phrases/Ket-ban/normal/whatsYourName.mp3', 10, '2017-07-13 02:22:19', '2017-07-13 02:22:19'),
(579, 'Where are the t-shirts?', 'Áo thun ở đâu?', 'where-are-the-t-shirts', '/uploads/Audio/phrases/Ket-ban/slow/whereAreTheTShirts.mp3', '/uploads/Audio/phrases/Ket-ban/normal/whereAreTheTShirts.mp3', 10, '2017-07-13 02:23:00', '2017-07-13 02:23:00'),
(580, 'Where did you go?', 'Bạn đã đi đâu?', 'where-did-you-go', '/uploads/Audio/phrases/Ket-ban/slow/whereDidYouGo.mp3', '/uploads/Audio/phrases/Ket-ban/normal/whereDidYouGo.mp3', 10, '2017-07-13 02:23:41', '2017-07-13 02:23:41'),
(581, 'Where did you learn English?', 'Bạn đã học tiếng Anh ở đâu?', 'where-did-you-learn-english', '/uploads/Audio/phrases/Ket-ban/slow/whereDidYouLearnEnglish.mp3', '/uploads/Audio/phrases/Ket-ban/normal/whereDidYouLearnEnglish.mp3', 10, '2017-07-13 02:24:23', '2017-07-13 02:24:23'),
(582, 'Where did you work before you worked here?', 'Bạn đã làm việc ở đâu trước khi bạn làm việc ở đây?', 'where-did-you-work-before-you-worked-here', '/uploads/Audio/phrases/Ket-ban/slow/whereDidYouWorkBeforeYouWorkedHere.mp3', '/uploads/Audio/phrases/Ket-ban/normal/whereDidYouWorkBeforeYouWorkedHere.mp3', 10, '2017-07-13 02:24:57', '2017-07-13 02:24:57'),
(583, 'Where do you live?', 'Bạn sống ở đâu?', 'where-do-you-live', '/uploads/Audio/phrases/Ket-ban/slow/whereDoYouLive.mp3', '/uploads/Audio/phrases/Ket-ban/normal/whereDoYouLive.mp3', 10, '2017-07-13 02:25:30', '2017-07-13 02:25:30'),
(584, 'Where were you?', 'Bạn đã ở đâu?', 'where-were-you', '/uploads/Audio/phrases/Ket-ban/slow/whereWereYou.mp3', '/uploads/Audio/phrases/Ket-ban/normal/whereWereYou.mp3', 10, '2017-07-13 02:26:07', '2017-07-13 02:26:07'),
(585, 'Who sent this letter?', 'Ai đã gửi lá thư này?', 'who-sent-this-letter', '/uploads/Audio/phrases/Ket-ban/slow/whoSentThisLetter.mp3', '/uploads/Audio/phrases/Ket-ban/normal/whoSentThisLetter.mp3', 10, '2017-07-13 02:26:47', '2017-07-13 02:26:47'),
(586, 'Would you like to buy this?', 'Bạn muốn mua cái này không?', 'would-you-like-to-buy-this', '/uploads/Audio/phrases/Ket-ban/slow/wouldYouLikeToBuyThis.mp3', '/uploads/Audio/phrases/Ket-ban/normal/wouldYouLikeToBuyThis.mp3', 10, '2017-07-13 06:04:05', '2017-07-13 06:04:05'),
(587, 'Your children are very well behaved', 'Các con của bạn rất ngoan', 'your-children-are-very-well-behaved', '/uploads/Audio/phrases/Ket-ban/slow/youreChildrenAreVeryWellBehaved.mp3', '/uploads/Audio/phrases/Ket-ban/normal/youreChildrenAreVeryWellBehaved.mp3', 10, '2017-07-13 06:04:45', '2017-07-13 06:04:45'),
(588, 'Your daughter', 'Con gái của bạn', 'your-daughter', '/uploads/Audio/phrases/Ket-ban/slow/youreDaughter.mp3', '/uploads/Audio/phrases/Ket-ban/normal/youreDaughter.mp3', 10, '2017-07-13 06:05:22', '2017-07-13 06:05:22'),
(589, 'You''re smarter than him', 'Bạn thông minh hơn anh ta', 'youre-smarter-than-him', '/uploads/Audio/phrases/Ket-ban/slow/youreSmarterThanHim.mp3', '/uploads/Audio/phrases/Ket-ban/normal/youreSmarterThanHim.mp3', 10, '2017-07-13 06:06:02', '2017-07-13 06:06:02'),
(590, 'You speak English very well', 'Bạn nói tiếng Anh rất giỏi', 'you-speak-english-very-well', '/uploads/Audio/phrases/Ket-ban/slow/youSpeakEnglishVeryWell.mp3', '/uploads/Audio/phrases/Ket-ban/normal/youSpeakEnglishVeryWell.mp3', 10, '2017-07-13 06:06:42', '2017-07-13 06:06:42'),
(591, 'Are there any concerts?', 'Có buổi hòa nhạc nào không?', 'are-there-any-concerts', '/uploads/Audio/phrases/Giai-tri/slow/areThereAnyConcerts.mp3', '/uploads/Audio/phrases/Giai-tri/normal/areThereAnyConcerts.mp3', 11, '2017-07-13 06:08:57', '2017-07-13 06:08:57'),
(592, 'Do you want to go to the movies?', 'Bạn có muốn đi xem phim không?', 'do-you-want-to-go-to-the-movies', '/uploads/Audio/phrases/Giai-tri/slow/doYouWantToGoToTheMovies.mp3', '/uploads/Audio/phrases/Giai-tri/normal/doYouWantToGoToTheMovies.mp3', 11, '2017-07-13 06:09:39', '2017-07-13 06:09:39'),
(593, 'Have you seen this movie?', 'Bạn đã xem phim này chưa?', 'have-you-seen-this-movie', '/uploads/Audio/phrases/Giai-tri/slow/haveYouSeenThisMovie.mp3', '/uploads/Audio/phrases/Giai-tri/normal/haveYouSeenThisMovie.mp3', 11, '2017-07-13 06:10:09', '2017-07-13 06:10:09'),
(594, 'He said you like to watch movies', 'Anh ta nói bạn thích xem phim', 'he-said-you-like-to-watch-movies', '/uploads/Audio/phrases/Giai-tri/slow/heSaidYouLikeToWatchMovies.mp3', '/uploads/Audio/phrases/Giai-tri/normal/heSaidYouLikeToWatchMovies.mp3', 11, '2017-07-13 06:10:43', '2017-07-13 06:10:43'),
(595, 'How tall are you?', 'Bạn cao bao nhiêu?', 'how-tall-are-you', '/uploads/Audio/phrases/Giai-tri/slow/howTallAreYou.mp3', '/uploads/Audio/phrases/Giai-tri/normal/howTallAreYou.mp3', 11, '2017-07-13 06:11:16', '2017-07-13 06:11:16'),
(596, 'Is the bank far?', 'Ngân hàng có xa không?', 'is-the-bank-far', '/uploads/Audio/phrases/Giai-tri/slow/isTheBankFar.mp3', '/uploads/Audio/phrases/Giai-tri/normal/isTheBankFar.mp3', 11, '2017-07-13 06:11:44', '2017-07-13 06:11:44'),
(597, 'Is there a movie theater nearby?', 'Có rạp chiếu phim gần đây không?', 'is-there-a-movie-theater-nearby', '/uploads/Audio/phrases/Giai-tri/slow/isThereAMovieTheaterNearby.mp3', '/uploads/Audio/phrases/Giai-tri/normal/isThereAMovieTheaterNearby.mp3', 11, '2017-07-13 06:12:22', '2017-07-13 06:12:22'),
(598, 'What do people usually do in the summer in Los Angeles?', 'Người ta thường làm gì vào mùa hè ở Los Angeles?', 'what-do-people-usually-do-in-the-summer-in-los-angeles', '/uploads/Audio/phrases/Giai-tri/slow/whatDoPeopleUsuallyDoInTheSummerInLosAngeles.mp3', '/uploads/Audio/phrases/Giai-tri/normal/whatDoPeopleUsuallyDoInTheSummerInLosAngeles.mp3', 11, '2017-07-13 06:13:04', '2017-07-13 06:13:04'),
(599, 'What kind of music do you like?', 'Bạn thích loại nhạc gì?', 'what-kind-of-music-do-you-like', '/uploads/Audio/phrases/Giai-tri/slow/whatKindOfMusicDoYouLike.mp3', '/uploads/Audio/phrases/Giai-tri/normal/whatKindOfMusicDoYouLike.mp3', 11, '2017-07-13 06:13:39', '2017-07-13 06:13:39'),
(600, 'What''s your favorite food?', 'Thức ăn ưa thích của bạn là gì?', 'whats-your-favorite-food', '/uploads/Audio/phrases/Giai-tri/slow/whatsYourFavoriateFood.mp3', '/uploads/Audio/phrases/Giai-tri/normal/whatsYourFavoriateFood.mp3', 11, '2017-07-13 06:14:12', '2017-07-13 06:14:12'),
(601, 'What time does the movie start?', 'Mấy giờ phim bắt đầu?', 'what-time-does-the-movie-start', '/uploads/Audio/phrases/Giai-tri/slow/whatTimeDoesTheMovieStart.mp3', '/uploads/Audio/phrases/Giai-tri/normal/whatTimeDoesTheMovieStart.mp3', 11, '2017-07-13 06:14:48', '2017-07-13 06:14:48'),
(602, 'Who was your teacher?', 'Ai đã là thày giáo của bạn?', 'who-was-your-teacher', '/uploads/Audio/phrases/Giai-tri/slow/whoWasYourTeacher.mp3', '/uploads/Audio/phrases/Giai-tri/normal/whoWasYourTeacher.mp3', 11, '2017-07-13 06:15:21', '2017-07-13 06:15:21'),
(603, 'Would you like to have dinner with me?', 'Bạn muốn ăn tối với tôi không?', 'would-you-like-to-have-dinner-with-me', '/uploads/Audio/phrases/Giai-tri/slow/wouldYouLikeToHaveDinnerWithMe.mp3', '/uploads/Audio/phrases/Giai-tri/normal/wouldYouLikeToHaveDinnerWithMe.mp3', 11, '2017-07-13 06:16:06', '2017-07-13 06:16:06'),
(604, 'Would you like to rent a movie?', 'Bạn muốn thuê phim không?', 'would-you-like-to-rent-a-movie', '/uploads/Audio/phrases/Giai-tri/slow/wouldYouLikeToRentAMovie.mp3', '/uploads/Audio/phrases/Giai-tri/normal/wouldYouLikeToRentAMovie.mp3', 11, '2017-07-13 06:17:10', '2017-07-13 06:17:10'),
(605, 'Can I have a glass of water please?', 'Làm ơn cho một ly nước?', 'can-i-have-a-glass-of-water-please', '/uploads/Audio/phrases/Mua-sam/slow/canIHaveAGlassOfWaterPlease.mp3', '/uploads/Audio/phrases/Mua-sam/normal/canIHaveAGlassOfWaterPlease.mp3', 12, '2017-07-13 06:18:49', '2017-07-13 06:18:49'),
(606, 'Can I use your phone?', 'Tôi có thể sử dụng điện thoại của bạn không?', 'can-i-use-your-phone', '/uploads/Audio/phrases/Mua-sam/slow/canIUseYourPhone.mp3', '/uploads/Audio/phrases/Mua-sam/normal/canIUseYourPhone.mp3', 12, '2017-07-13 06:19:25', '2017-07-13 06:19:25'),
(607, 'Do you have any vacancies?', 'Bạn có chỗ trống không?', 'do-you-have-any-vacancies', '/uploads/Audio/phrases/Mua-sam/slow/doYouHaveAnyVaccancies.mp3', '/uploads/Audio/phrases/Mua-sam/normal/doYouHaveAnyVaccancies.mp3', 12, '2017-07-13 06:20:05', '2017-07-13 06:20:05'),
(608, 'Do you have the number for a taxi?', 'Bạn có số điện thoại để gọi tắc xi không?', 'do-you-have-the-number-for-a-taxi', '/uploads/Audio/phrases/Mua-sam/slow/doYouHaveTheNumberForATaxi.mp3', '/uploads/Audio/phrases/Mua-sam/normal/doYouHaveTheNumberForATaxi.mp3', 12, '2017-07-13 06:21:14', '2017-07-13 06:21:14'),
(609, 'Do you know her?', 'Bạn có biết cô ta không?', 'do-you-know-her', '/uploads/Audio/phrases/Mua-sam/slow/doYouKnowHer.mp3', '/uploads/Audio/phrases/Mua-sam/normal/doYouKnowHer.mp3', 12, '2017-07-13 06:21:51', '2017-07-13 06:21:51'),
(610, 'Do you know where she is?', 'Bạn có biết cô ấy ở đâu không?', 'do-you-know-where-she-is', '/uploads/Audio/phrases/Mua-sam/slow/doYouKnowWhereSheIs.mp3', '/uploads/Audio/phrases/Mua-sam/normal/doYouKnowWhereSheIs.mp3', 12, '2017-07-13 06:22:23', '2017-07-13 06:22:23'),
(611, 'Do you play basketball?', 'Bạn có chơi bóng rổ không?', 'do-you-play-basketball', '/uploads/Audio/phrases/Mua-sam/slow/doYouPlayBasketball.mp3', '/uploads/Audio/phrases/Mua-sam/normal/doYouPlayBasketball.mp3', 12, '2017-07-13 06:22:58', '2017-07-13 06:22:58'),
(612, 'Fill it up, please', 'Làm ơn đổ đầy', 'fill-it-up-please', '/uploads/Audio/phrases/Mua-sam/slow/fillItUpPlease.mp3', '/uploads/Audio/phrases/Mua-sam/normal/fillItUpPlease.mp3', 12, '2017-07-13 06:23:34', '2017-07-13 06:23:34'),
(613, 'He needs some new clothes', 'Anh ta cần một ít quần áo mới', 'he-needs-some-new-clothes', '/uploads/Audio/phrases/Mua-sam/slow/heNeedsSomeNewClothes.mp3', '/uploads/Audio/phrases/Mua-sam/normal/heNeedsSomeNewClothes.mp3', 12, '2017-07-13 06:24:19', '2017-07-13 06:24:19'),
(614, 'How much is that?', 'Cái đó giá bao nhiêu?', 'how-much-is-that', '/uploads/Audio/phrases/Mua-sam/slow/howMuchIsThat.mp3', '/uploads/Audio/phrases/Mua-sam/normal/howMuchIsThat.mp3', 12, '2017-07-13 06:25:01', '2017-07-13 06:25:01'),
(615, 'How much is this?', 'Cái này giá bao nhiêu?', 'how-much-is-this', '/uploads/Audio/phrases/Mua-sam/slow/howMuchIsThis.mp3', '/uploads/Audio/phrases/Mua-sam/normal/howMuchIsThis.mp3', 12, '2017-07-13 06:25:32', '2017-07-13 06:25:32'),
(616, 'I believe you', 'Tôi tin bạn', 'i-believe-you', '/uploads/Audio/phrases/Mua-sam/slow/iBelieveYou.mp3', '/uploads/Audio/phrases/Mua-sam/normal/iBelieveYou.mp3', 12, '2017-07-13 06:26:04', '2017-07-13 06:26:04'),
(617, 'I''d like the number for the Hilton Hotel please', 'Tôi muốn số điện thoại của khách sạn Hilton, xin vui lòng', 'id-like-the-number-for-the-hilton-hotel-please', '/uploads/Audio/phrases/Mua-sam/slow/idLikeTheNumberForTheHiltonHotelPlease.mp3', '/uploads/Audio/phrases/Mua-sam/normal/idLikeTheNumberForTheHiltonHotelPlease.mp3', 12, '2017-07-13 06:26:43', '2017-07-13 06:26:43'),
(618, 'I''d like to buy a phone card please', 'Tôi muốn mua một tấm thẻ điện thoại, xin vui lòng', 'id-like-to-buy-a-phone-card-please', '/uploads/Audio/phrases/Mua-sam/slow/idLikeToBuyAPhoneCardPlease.mp3', '/uploads/Audio/phrases/Mua-sam/normal/idLikeToBuyAPhoneCardPlease.mp3', 12, '2017-07-13 06:27:19', '2017-07-13 06:27:19'),
(619, 'I''d like to go home', 'Tôi muốn về nhà', 'id-like-to-go-home', '/uploads/Audio/phrases/Mua-sam/slow/IdLikeToGoHome.mp3', '/uploads/Audio/phrases/Mua-sam/normal/IdLikeToGoHome.mp3', 12, '2017-07-13 06:27:52', '2017-07-13 06:27:52'),
(620, 'I''d like to go shopping', 'Tôi muốn đi mua sắm', 'id-like-to-go-shopping', '/uploads/Audio/phrases/Mua-sam/slow/IdLikeToGoShopping.mp3', '/uploads/Audio/phrases/Mua-sam/normal/IdLikeToGoShopping.mp3', 12, '2017-07-13 06:28:26', '2017-07-13 06:28:26'),
(621, 'If you like it I can buy more', 'Nếu bạn thích nó tôi có thể mua thêm', 'if-you-like-it-i-can-buy-more', '/uploads/Audio/phrases/Mua-sam/slow/ifYouLikeItICanBuyMore.mp3', '/uploads/Audio/phrases/Mua-sam/normal/ifYouLikeItICanBuyMore.mp3', 12, '2017-07-13 06:29:06', '2017-07-13 06:29:06'),
(622, 'I''m a beginner', 'Tôi mới bắt đầu', 'im-a-beginner', '/uploads/Audio/phrases/Mua-sam/slow/imABeginner.mp3', '/uploads/Audio/phrases/Mua-sam/normal/imABeginner.mp3', 12, '2017-07-13 06:29:41', '2017-07-13 06:29:41'),
(623, 'I''m full', 'Tôi no rồi', 'im-full', '/uploads/Audio/phrases/Mua-sam/slow/imFull.mp3', '/uploads/Audio/phrases/Mua-sam/normal/imFull.mp3', 12, '2017-07-13 06:30:21', '2017-07-13 06:30:21'),
(624, 'I''m just kidding', 'Tôi chỉ đùa thôi', 'im-just-kidding', '/uploads/Audio/phrases/Mua-sam/slow/ImJustKidding.mp3', '/uploads/Audio/phrases/Mua-sam/normal/ImJustKidding.mp3', 12, '2017-07-13 06:30:51', '2017-07-13 06:30:51'),
(625, 'I''m single', 'Tôi độc thân', 'im-single', '/uploads/Audio/phrases/Mua-sam/slow/ImSingle.mp3', '/uploads/Audio/phrases/Mua-sam/normal/ImSingle.mp3', 12, '2017-07-13 06:31:23', '2017-07-13 06:31:23'),
(626, 'I speak two languages', 'Tôi nói 2 thứ tiếng', 'i-speak-two-languages', '/uploads/Audio/phrases/Mua-sam/slow/ISpeak2languages.mp3', '/uploads/Audio/phrases/Mua-sam/normal/ISpeak2languages.mp3', 12, '2017-07-13 06:31:59', '2017-07-13 06:31:59'),
(627, 'I thought he said something else', 'Tôi nghĩ anh ta đã nói một điều gì khác', 'i-thought-he-said-something-else', '/uploads/Audio/phrases/Mua-sam/slow/IThoughtHeSaidSomethingElse.mp3', '/uploads/Audio/phrases/Mua-sam/normal/IThoughtHeSaidSomethingElse.mp3', 12, '2017-07-13 06:32:39', '2017-07-13 06:32:39'),
(628, 'It''s not too far', 'Nó không xa lắm', 'its-not-too-far', '/uploads/Audio/phrases/Mua-sam/slow/itsNotTooFar.mp3', '/uploads/Audio/phrases/Mua-sam/normal/itsNotTooFar.mp3', 12, '2017-07-13 06:33:17', '2017-07-13 06:33:17'),
(629, 'I usually drink coffee at breakfast', 'Tôi thường uống cà phê vào bữa điểm tâm', 'i-usually-drink-coffee-at-breakfast', '/uploads/Audio/phrases/Mua-sam/slow/IUsuallyDrinkCoffeeAtBreakfast.mp3', '/uploads/Audio/phrases/Mua-sam/normal/IUsuallyDrinkCoffeeAtBreakfast.mp3', 12, '2017-07-13 06:33:54', '2017-07-13 06:33:54'),
(630, 'Sorry, we don''t have any', 'Xin lỗi, chúng tôi không có cái nào', 'sorry-we-dont-have-any', '/uploads/Audio/phrases/Mua-sam/slow/sorryWeDontHaveAny.mp3', '/uploads/Audio/phrases/Mua-sam/normal/sorryWeDontHaveAny.mp3', 12, '2017-07-13 06:34:33', '2017-07-13 06:34:33'),
(631, 'The books are expensive', 'Những quyển sách đắt tiền', 'the-books-are-expensive', '/uploads/Audio/phrases/Mua-sam/slow/theBooksAreExpensive.mp3', '/uploads/Audio/phrases/Mua-sam/normal/theBooksAreExpensive.mp3', 12, '2017-07-13 06:35:08', '2017-07-13 06:35:08'),
(632, 'Try it on', 'Mặc thử nó', 'try-it-on', '/uploads/Audio/phrases/Mua-sam/slow/tryItOn.mp3', '/uploads/Audio/phrases/Mua-sam/normal/tryItOn.mp3', 12, '2017-07-13 06:35:54', '2017-07-13 06:35:54'),
(633, 'What do you want to buy?', 'Bạn muốn mua gì?', 'what-do-you-want-to-buy', '/uploads/Audio/phrases/Mua-sam/slow/whatDoYouWantToBuy.mp3', '/uploads/Audio/phrases/Mua-sam/normal/whatDoYouWantToBuy.mp3', 12, '2017-07-13 06:36:29', '2017-07-13 06:36:29'),
(634, 'What size?', 'Cỡ mấy?', 'what-size', '/uploads/Audio/phrases/Mua-sam/slow/whatSize.mp3', '/uploads/Audio/phrases/Mua-sam/normal/whatSize.mp3', 12, '2017-07-13 06:37:06', '2017-07-13 06:37:06'),
(635, 'What time does the store open?', 'Mấy giờ cửa hàng mở cửa?', 'what-time-does-the-store-open', '/uploads/Audio/phrases/Mua-sam/slow/whatTimeDoesTheStoreOpen.mp3', '/uploads/Audio/phrases/Mua-sam/normal/whatTimeDoesTheStoreOpen.mp3', 12, '2017-07-13 06:37:40', '2017-07-13 06:37:40'),
(636, 'When does the plane arrive?', 'Khi nào máy bay tới?', 'when-does-the-plane-arrive', '/uploads/Audio/phrases/Mua-sam/slow/whenDoesThePlaneArrive.mp3', '/uploads/Audio/phrases/Mua-sam/normal/whenDoesThePlaneArrive.mp3', 12, '2017-07-13 06:38:17', '2017-07-13 06:38:17'),
(637, 'Where are you?', 'Bạn ở đâu?', 'where-are-you', '/uploads/Audio/phrases/Mua-sam/slow/whereAreYou.mp3', '/uploads/Audio/phrases/Mua-sam/normal/whereAreYou.mp3', 12, '2017-07-13 06:38:47', '2017-07-13 06:38:47'),
(638, 'Would you like something to eat?', 'Bạn muốn ăn thứ gì không?', 'would-you-like-something-to-eat', '/uploads/Audio/phrases/Mua-sam/slow/wouldYouLikeSomethingToEat.mp3', NULL, 12, '2017-07-13 06:39:15', '2017-07-13 06:39:15'),
(639, 'Am I pronouncing it correctly?', 'Tôi phát âm nó đúng không?', 'am-i-pronouncing-it-correctly', '/uploads/Audio/phrases/Kho-khan-giao-tiep/slow/amIPronouncingItCorrectly.mp3', '/uploads/Audio/phrases/Kho-khan-giao-tiep/normal/amIPronouncingItCorrectly.mp3', 13, '2017-07-13 06:41:22', '2017-07-13 06:41:22'),
(640, 'Can you do me a favor?', 'Bạn có thể giúp tôi một việc được không?', 'can-you-do-me-a-favor', '/uploads/Audio/phrases/Kho-khan-giao-tiep/slow/canYouDoMeAFavor.mp3', '/uploads/Audio/phrases/Kho-khan-giao-tiep/normal/canYouDoMeAFavor.mp3', 13, '2017-07-13 06:42:39', '2017-07-13 06:42:39'),
(641, 'Can you help me?', 'Bạn có thể giúp tôi không?', 'can-you-help-me', '/uploads/Audio/phrases/Kho-khan-giao-tiep/slow/canYouHelpMe.mp3', '/uploads/Audio/phrases/Kho-khan-giao-tiep/normal/canYouHelpMe.mp3', 13, '2017-07-13 06:43:10', '2017-07-13 06:43:10'),
(642, 'Can you please say that again?', 'Bạn có thể nói lại điều đó được không?', 'can-you-please-say-that-again', '/uploads/Audio/phrases/Kho-khan-giao-tiep/slow/canYouPleaseSayThatAgain.mp3', '/uploads/Audio/phrases/Kho-khan-giao-tiep/normal/canYouPleaseSayThatAgain.mp3', 13, '2017-07-13 06:43:44', '2017-07-13 06:43:44'),
(643, 'Can you show me?', 'Bạn có thể chỉ cho tôi không?', 'can-you-show-me', '/uploads/Audio/phrases/Kho-khan-giao-tiep/slow/canYouShowMe.mp3', '/uploads/Audio/phrases/Kho-khan-giao-tiep/normal/canYouShowMe.mp3', 13, '2017-07-13 06:44:15', '2017-07-13 06:44:15'),
(644, 'Can you throw that away for me?', 'Bạn có thể quẳng cái đó đi giúp tôi được không?', 'can-you-throw-that-away-for-me', '/uploads/Audio/phrases/Kho-khan-giao-tiep/slow/canYouThrowThatAwayForMe.mp3', '/uploads/Audio/phrases/Kho-khan-giao-tiep/normal/canYouThrowThatAwayForMe.mp3', 13, '2017-07-13 06:45:05', '2017-07-13 06:45:05'),
(645, 'Does anyone here speak English?', 'Có ai ở đây nói tiếng Anh không?', 'does-anyone-here-speak-english', '/uploads/Audio/phrases/Kho-khan-giao-tiep/slow/doesAnyoneHereSpeakEnglish.mp3', '/uploads/Audio/phrases/Kho-khan-giao-tiep/normal/doesAnyoneHereSpeakEnglish.mp3', 13, '2017-07-13 06:46:02', '2017-07-13 06:46:02'),
(646, 'Don''t do that', 'Đừng làm điều đó', 'dont-do-that', '/uploads/Audio/phrases/Kho-khan-giao-tiep/slow/dontDoThat.mp3', '/uploads/Audio/phrases/Kho-khan-giao-tiep/normal/dontDoThat.mp3', 13, '2017-07-13 06:46:41', '2017-07-13 06:46:41'),
(647, 'Do you believe that?', 'Bạn có tin điều đó không?', 'do-you-believe-that', '/uploads/Audio/phrases/Kho-khan-giao-tiep/slow/doYouBelieveThat.mp3', '/uploads/Audio/phrases/Kho-khan-giao-tiep/normal/doYouBelieveThat.mp3', 13, '2017-07-13 06:47:44', '2017-07-13 06:47:44'),
(648, 'Do you have a pencil?', 'Bạn có bút chì không?', 'do-you-have-a-pencil', '/uploads/Audio/phrases/Kho-khan-giao-tiep/slow/doYouHaveAPencil.mp3', '/uploads/Audio/phrases/Kho-khan-giao-tiep/normal/doYouHaveAPencil.mp3', 13, '2017-07-13 06:48:12', '2017-07-13 06:48:12'),
(649, 'Do you smoke?', 'Bạn có hút thuốc không?', 'do-you-smoke', '/uploads/Audio/phrases/Kho-khan-giao-tiep/slow/doYouSmoke.mp3', '/uploads/Audio/phrases/Kho-khan-giao-tiep/normal/doYouSmoke.mp3', 13, '2017-07-13 06:48:43', '2017-07-13 06:48:43'),
(650, 'Do you speak English?', 'Bạn có nói tiếng Anh không?', 'do-you-speak-english', '/uploads/Audio/phrases/Kho-khan-giao-tiep/slow/doYouSpeakEnglish.mp3', '/uploads/Audio/phrases/Kho-khan-giao-tiep/normal/doYouSpeakEnglish.mp3', 13, '2017-07-13 06:49:23', '2017-07-13 06:49:23'),
(651, 'Excuse me, what did you say?', 'Xin lỗi, bạn nói gì?', 'excuse-me-what-did-you-say', '/uploads/Audio/phrases/Kho-khan-giao-tiep/slow/excuseMeWhatDidYouSay.mp3', '/uploads/Audio/phrases/Kho-khan-giao-tiep/normal/excuseMeWhatDidYouSay.mp3', 13, '2017-07-13 06:50:02', '2017-07-13 06:50:02'),
(652, 'Forget it', 'Quên đi', 'forget-it', '/uploads/Audio/phrases/Kho-khan-giao-tiep/slow/forgetIt.mp3', '/uploads/Audio/phrases/Kho-khan-giao-tiep/normal/forgetIt.mp3', 13, '2017-07-13 06:50:38', '2017-07-13 06:50:38'),
(653, 'How do you pronounce that?', 'Bạn phát âm chữ đó như thế nào?', 'how-do-you-pronounce-that', '/uploads/Audio/phrases/Kho-khan-giao-tiep/slow/howDoYouPronounceThat.mp3', '/uploads/Audio/phrases/Kho-khan-giao-tiep/normal/howDoYouPronounceThat.mp3', 13, '2017-07-13 06:51:13', '2017-07-13 06:51:13'),
(654, 'How do you say it in English?', 'Bạn nói điều đó bằng tiếng Anh như thế nào?', 'how-do-you-say-it-in-english', '/uploads/Audio/phrases/Kho-khan-giao-tiep/slow/howDoYouSayItInEnglish.mp3', '/uploads/Audio/phrases/Kho-khan-giao-tiep/normal/howDoYouSayItInEnglish.mp3', 13, '2017-07-13 06:51:54', '2017-07-13 06:51:54'),
(655, 'How do you spell it?', 'Bạn đánh vần nó như thế nào?', 'how-do-you-spell-it', '/uploads/Audio/phrases/Kho-khan-giao-tiep/slow/howDoYouSpellIt.mp3', '/uploads/Audio/phrases/Kho-khan-giao-tiep/normal/howDoYouSpellIt.mp3', 13, '2017-07-13 06:52:39', '2017-07-13 06:52:39'),
(656, 'How do you spell the word "Seattle?"', 'Bạn đánh vần chữ Seattle như thế nào?', 'how-do-you-spell-the-word-seattle', '/uploads/Audio/phrases/Kho-khan-giao-tiep/slow/howDoYouSpellTheWordSeattle.mp3', '/uploads/Audio/phrases/Kho-khan-giao-tiep/normal/howDoYouSpellTheWordSeattle.mp3', 13, '2017-07-13 06:53:13', '2017-07-13 06:53:13'),
(657, 'I can swim', 'Tôi có thể bơi', 'i-can-swim', '/uploads/Audio/phrases/Kho-khan-giao-tiep/slow/iCanSwim.mp3', '/uploads/Audio/phrases/Kho-khan-giao-tiep/normal/iCanSwim.mp3', 13, '2017-07-13 17:54:42', '2017-07-13 17:54:42'),
(658, 'I can''t hear you clearly', 'Tôi nghe bạn không rõ', 'i-cant-hear-you-clearly', '/uploads/Audio/phrases/Kho-khan-giao-tiep/slow/iCantHearYouClearly.mp3', '/uploads/Audio/phrases/Kho-khan-giao-tiep/normal/iCantHearYouClearly.mp3', 13, '2017-07-13 17:55:18', '2017-07-13 17:55:18'),
(659, 'I don''t mind', 'Tôi không quan tâm', 'i-dont-mind', '/uploads/Audio/phrases/Kho-khan-giao-tiep/slow/iDontMind.mp3', '/uploads/Audio/phrases/Kho-khan-giao-tiep/normal/iDontMind.mp3', 13, '2017-07-13 17:55:52', '2017-07-13 17:55:52'),
(660, 'I don''t speak English very well', 'Tôi không nói tiếng Anh giỏi lắm', 'i-dont-speak-english-very-well', '/uploads/Audio/phrases/Kho-khan-giao-tiep/slow/iDontSpeakEnglishVeryWell.mp3', '/uploads/Audio/phrases/Kho-khan-giao-tiep/normal/iDontSpeakEnglishVeryWell.mp3', 13, '2017-07-13 17:56:29', '2017-07-13 17:56:29'),
(661, 'I don''t think so', 'Tôi không nghĩ vậy', 'i-dont-think-so', '/uploads/Audio/phrases/Kho-khan-giao-tiep/slow/IDontThinkSo.mp3', '/uploads/Audio/phrases/Kho-khan-giao-tiep/normal/IDontThinkSo.mp3', 13, '2017-07-13 17:57:01', '2017-07-13 17:57:01'),
(662, 'I don''t understand what your saying', 'Tôi không hiểu bạn nói gì', 'i-dont-understand-what-your-saying', '/uploads/Audio/phrases/Kho-khan-giao-tiep/slow/IDontUnderstandWhatYourSaying.mp3', '/uploads/Audio/phrases/Kho-khan-giao-tiep/normal/IDontUnderstandWhatYourSaying.mp3', 13, '2017-07-13 17:57:38', '2017-07-13 17:57:38'),
(663, 'Is there air conditioning in the room?', 'Trong phòng có điều hòa không khí không?', 'is-there-air-conditioning-in-the-room', '/uploads/Audio/phrases/Kho-khan-giao-tiep/slow/isThereAirConditioningInTheRoom.mp3', '/uploads/Audio/phrases/Kho-khan-giao-tiep/normal/isThereAirConditioningInTheRoom.mp3', 13, '2017-07-13 17:58:19', '2017-07-13 17:58:19'),
(664, 'I think you have too many clothes', 'Tôi nghĩ bạn có nhiều quần áo quá', 'i-think-you-have-too-many-clothes', '/uploads/Audio/phrases/Kho-khan-giao-tiep/slow/IThinkYouHaveTooManyClothes.mp3', '/uploads/Audio/phrases/Kho-khan-giao-tiep/normal/IThinkYouHaveTooManyClothes.mp3', 13, '2017-07-13 17:58:53', '2017-07-13 17:58:53'),
(665, 'I trust you', 'Tôi tin bạn', 'i-trust-you', '/uploads/Audio/phrases/Kho-khan-giao-tiep/slow/ITrustYou.mp3', '/uploads/Audio/phrases/Kho-khan-giao-tiep/normal/ITrustYou.mp3', 13, '2017-07-13 17:59:29', '2017-07-13 17:59:29'),
(666, 'I understand now', 'Bây giờ tôi hiểu', 'i-understand-now', '/uploads/Audio/phrases/Kho-khan-giao-tiep/slow/IUnderstandNow.mp3', '/uploads/Audio/phrases/Kho-khan-giao-tiep/normal/IUnderstandNow.mp3', 13, '2017-07-13 18:00:03', '2017-07-13 18:00:03'),
(667, 'Let''s meet in front of the hotel', 'Chúng ta hãy gặp nhau trước khách sạn', 'lets-meet-in-front-of-the-hotel', '/uploads/Audio/phrases/Kho-khan-giao-tiep/slow/letsMeetInFrontOfTheHotel.mp3', '/uploads/Audio/phrases/Kho-khan-giao-tiep/normal/letsMeetInFrontOfTheHotel.mp3', 13, '2017-07-13 18:00:46', '2017-07-13 18:00:46'),
(668, 'Please sit down', 'Xin mời ngồi', 'please-sit-down', '/uploads/Audio/phrases/Kho-khan-giao-tiep/slow/pleaseSitDown.mp3', '/uploads/Audio/phrases/Kho-khan-giao-tiep/normal/pleaseSitDown.mp3', 13, '2017-07-13 18:01:17', '2017-07-13 18:01:17'),
(669, 'Please speak English', 'Làm ơn nói tiếng Anh', 'please-speak-english', '/uploads/Audio/phrases/Kho-khan-giao-tiep/slow/pleaseSpeakEnglish.mp3', '/uploads/Audio/phrases/Kho-khan-giao-tiep/normal/pleaseSpeakEnglish.mp3', 13, '2017-07-13 18:01:52', '2017-07-13 18:01:52'),
(670, 'Please speak more slowly', 'Làm ơn nói chậm hơn', 'please-speak-more-slowly', '/uploads/Audio/phrases/Kho-khan-giao-tiep/slow/pleaseSpeakMoreSlowly.mp3', '/uploads/Audio/phrases/Kho-khan-giao-tiep/normal/pleaseSpeakMoreSlowly.mp3', 13, '2017-07-13 18:02:44', '2017-07-13 18:02:44'),
(671, 'Sorry, I didn''t hear clearly', 'Xin lỗi, tôi nghe không rõ', 'sorry-i-didnt-hear-clearly', '/uploads/Audio/phrases/Kho-khan-giao-tiep/slow/sorryIDidntHearClearly.mp3', '/uploads/Audio/phrases/Kho-khan-giao-tiep/normal/sorryIDidntHearClearly.mp3', 13, '2017-07-13 18:03:20', '2017-07-13 18:03:20'),
(672, 'That means friend', 'Chữ đó có nghĩa bạn bè', 'that-means-friend', '/uploads/Audio/phrases/Kho-khan-giao-tiep/slow/thatMeansFriend.mp3', '/uploads/Audio/phrases/Kho-khan-giao-tiep/normal/thatMeansFriend.mp3', 13, '2017-07-13 18:03:59', '2017-07-13 18:03:59'),
(673, 'That''s wrong', 'Sai rồi', 'thats-wrong', '/uploads/Audio/phrases/Kho-khan-giao-tiep/slow/thatsWrong.mp3', '/uploads/Audio/phrases/Kho-khan-giao-tiep/normal/thatsWrong.mp3', 13, '2017-07-13 18:04:32', '2017-07-13 18:04:32'),
(674, 'Try to say it', 'Gắng nói cái đó', 'try-to-say-it', '/uploads/Audio/phrases/Kho-khan-giao-tiep/slow/tryToSayIt.mp3', '/uploads/Audio/phrases/Kho-khan-giao-tiep/normal/tryToSayIt.mp3', 13, '2017-07-13 18:05:13', '2017-07-13 18:05:13'),
(675, 'What does this mean?', 'Cái này có nghĩa gì?', 'what-does-this-mean', '/uploads/Audio/phrases/Kho-khan-giao-tiep/slow/whatDoesThisMean.mp3', '/uploads/Audio/phrases/Kho-khan-giao-tiep/normal/whatDoesThisMean.mp3', 13, '2017-07-13 18:05:47', '2017-07-13 18:05:47'),
(676, 'What does this say?', 'Cái này nói gì?', 'what-does-this-say', '/uploads/Audio/phrases/Kho-khan-giao-tiep/slow/whatDoesThisSay.mp3', '/uploads/Audio/phrases/Kho-khan-giao-tiep/normal/whatDoesThisSay.mp3', 13, '2017-07-13 18:06:26', '2017-07-13 18:06:26'),
(677, 'What does this word mean?', 'Chữ này nghĩa là gì?', 'what-does-this-word-mean', '/uploads/Audio/phrases/Kho-khan-giao-tiep/slow/whatDoesThisWordMean.mp3', '/uploads/Audio/phrases/Kho-khan-giao-tiep/normal/whatDoesThisWordMean.mp3', 13, '2017-07-13 18:07:04', '2017-07-13 18:07:04'),
(678, 'What''s the exchange rate?', 'Hối suất bao nhiêu?', 'whats-the-exchange-rate', '/uploads/Audio/phrases/Kho-khan-giao-tiep/slow/whatsTheExchangeRate.mp3', '/uploads/Audio/phrases/Kho-khan-giao-tiep/normal/whatsTheExchangeRate.mp3', 13, '2017-07-13 18:07:44', '2017-07-13 18:07:44'),
(679, 'Whose book is that?', 'Đó là quyển sách của ai?', 'whose-book-is-that', '/uploads/Audio/phrases/Kho-khan-giao-tiep/slow/whosBookIsThat.mp3', '/uploads/Audio/phrases/Kho-khan-giao-tiep/normal/whosBookIsThat.mp3', 13, '2017-07-13 18:08:16', '2017-07-13 18:08:16'),
(680, 'Why aren''t you going?', 'Tại sao bạn không đi?', 'why-arent-you-going', '/uploads/Audio/phrases/Kho-khan-giao-tiep/slow/whyArentYouGoing.mp3', '/uploads/Audio/phrases/Kho-khan-giao-tiep/normal/whyArentYouGoing.mp3', 13, '2017-07-13 18:09:09', '2017-07-13 18:09:09'),
(681, 'Why are you laughing?', 'Tại sao bạn cười?', 'why-are-you-laughing', '/uploads/Audio/phrases/Kho-khan-giao-tiep/slow/whyAreYouLaughing.mp3', '/uploads/Audio/phrases/Kho-khan-giao-tiep/normal/whyAreYouLaughing.mp3', 13, '2017-07-13 18:09:43', '2017-07-13 18:09:43'),
(682, 'Why did you do that?', 'Tại sao bạn đã làm điều đó?', 'why-did-you-do-that', '/uploads/Audio/phrases/Kho-khan-giao-tiep/slow/whyDidYouDoThat.mp3', '/uploads/Audio/phrases/Kho-khan-giao-tiep/normal/whyDidYouDoThat.mp3', 13, '2017-07-13 18:10:13', '2017-07-13 18:10:13'),
(683, 'Are you allergic to anything?', 'Bạn có dị ứng với thứ gì không?', 'are-you-allergic-to-anything', '/uploads/Audio/phrases/Truong-hop-khan-cap-va-suc-khoe/slow/areYouAllergicToAnything.mp3', '/uploads/Audio/phrases/Truong-hop-khan-cap-va-suc-khoe/normal/areYouAllergicToAnything.mp3', 14, '2017-07-13 18:17:36', '2017-07-13 18:17:36'),
(684, 'Are you ready?', 'Bạn sẵn sàng chưa?', 'are-you-ready', '/uploads/Audio/phrases/Truong-hop-khan-cap-va-suc-khoe/slow/areYouReady.mp3', '/uploads/Audio/phrases/Truong-hop-khan-cap-va-suc-khoe/normal/areYouReady.mp3', 14, '2017-07-13 18:18:12', '2017-07-13 18:18:12'),
(685, 'Call me', 'Gọi điện cho tôi', 'call-me', '/uploads/Audio/phrases/Truong-hop-khan-cap-va-suc-khoe/slow/callMe.mp3', '/uploads/Audio/phrases/Truong-hop-khan-cap-va-suc-khoe/normal/callMe.mp3', 14, '2017-07-13 18:18:43', '2017-07-13 18:18:43'),
(686, 'Did you send me flowers?', 'Bạn đã gửi hoa cho tôi hả?', 'did-you-send-me-flowers', '/uploads/Audio/phrases/Truong-hop-khan-cap-va-suc-khoe/slow/didYouSendMeFlowers.mp3', '/uploads/Audio/phrases/Truong-hop-khan-cap-va-suc-khoe/normal/didYouSendMeFlowers.mp3', 14, '2017-07-13 18:19:21', '2017-07-13 18:19:21'),
(687, 'Do you sell batteries?', 'Bạn có bán pin không?', 'do-you-sell-batteries', '/uploads/Audio/phrases/Truong-hop-khan-cap-va-suc-khoe/slow/doYouSellBatteries.mp3', '/uploads/Audio/phrases/Truong-hop-khan-cap-va-suc-khoe/normal/doYouSellBatteries.mp3', 14, '2017-07-13 18:19:49', '2017-07-13 18:19:49'),
(688, 'I don''t care', 'Tôi không cần', 'i-dont-care', '/uploads/Audio/phrases/Truong-hop-khan-cap-va-suc-khoe/slow/iDontCare.mp3', '/uploads/Audio/phrases/Truong-hop-khan-cap-va-suc-khoe/normal/iDontCare.mp3', 14, '2017-07-13 18:20:37', '2017-07-13 18:20:37'),
(689, 'I give up', 'Tôi bỏ cuộc', 'i-give-up', '/uploads/Audio/phrases/Truong-hop-khan-cap-va-suc-khoe/slow/IGiveUp.mp3', '/uploads/Audio/phrases/Truong-hop-khan-cap-va-suc-khoe/normal/IGiveUp.mp3', 14, '2017-07-13 18:21:12', '2017-07-13 18:21:12'),
(690, 'I got in an accident', 'Tôi gặp tai nạn', 'i-got-in-an-accident', '/uploads/Audio/phrases/Truong-hop-khan-cap-va-suc-khoe/slow/IGotInAnAccident.mp3', '/uploads/Audio/phrases/Truong-hop-khan-cap-va-suc-khoe/normal/IGotInAnAccident.mp3', 14, '2017-07-13 18:21:50', '2017-07-13 18:21:50'),
(691, 'I have a cold', 'Tôi bị cảm', 'i-have-a-cold', '/uploads/Audio/phrases/Truong-hop-khan-cap-va-suc-khoe/slow/IHaveACold.mp3', '/uploads/Audio/phrases/Truong-hop-khan-cap-va-suc-khoe/normal/IHaveACold.mp3', 14, '2017-07-13 18:22:27', '2017-07-13 18:22:27'),
(692, 'I have one in my car', 'Tôi có một cái trong xe', 'i-have-one-in-my-car', '/uploads/Audio/phrases/Truong-hop-khan-cap-va-suc-khoe/slow/IHaveOneInMyCar.mp3', '/uploads/Audio/phrases/Truong-hop-khan-cap-va-suc-khoe/normal/IHaveOneInMyCar.mp3', 14, '2017-07-13 18:23:08', '2017-07-13 18:23:08'),
(693, 'I made this cake', 'Tôi làm cái bánh này', 'i-made-this-cake', '/uploads/Audio/phrases/Truong-hop-khan-cap-va-suc-khoe/slow/IMadeThisCake.mp3', '/uploads/Audio/phrases/Truong-hop-khan-cap-va-suc-khoe/normal/IMadeThisCake.mp3', 14, '2017-07-13 18:23:43', '2017-07-13 18:23:43'),
(694, 'I''m a teacher', 'Tôi là giáo viên', 'im-a-teacher', '/uploads/Audio/phrases/Truong-hop-khan-cap-va-suc-khoe/slow/imATeacher.mp3', '/uploads/Audio/phrases/Truong-hop-khan-cap-va-suc-khoe/normal/imATeacher.mp3', 14, '2017-07-13 18:24:19', '2017-07-13 18:24:19'),
(695, 'I''m self-employed', 'Tôi tự làm chủ', 'im-self-employed', '/uploads/Audio/phrases/Truong-hop-khan-cap-va-suc-khoe/slow/ImSelfEmployed.mp3', '/uploads/Audio/phrases/Truong-hop-khan-cap-va-suc-khoe/normal/ImSelfEmployed.mp3', 14, '2017-07-13 18:26:52', '2017-07-13 18:26:52'),
(696, 'I still have a lot of work to do', 'Tôi còn nhiều thứ phải làm', 'i-still-have-a-lot-of-work-to-do', '/uploads/Audio/phrases/Truong-hop-khan-cap-va-suc-khoe/slow/IStillHaveALotOfWorkToDo.mp3', '/uploads/Audio/phrases/Truong-hop-khan-cap-va-suc-khoe/normal/IStillHaveALotOfWorkToDo.mp3', 14, '2017-07-13 18:29:16', '2017-07-13 18:29:16'),
(697, 'I still haven''t decided', 'Tôi vẫn chưa quyết định', 'i-still-havent-decided', '/uploads/Audio/phrases/Truong-hop-khan-cap-va-suc-khoe/slow/IStillHaventDecided.mp3', '/uploads/Audio/phrases/Truong-hop-khan-cap-va-suc-khoe/normal/IStillHaventDecided.mp3', 14, '2017-07-13 18:29:52', '2017-07-13 18:29:52'),
(698, 'It depends on the weather', 'Tùy vào thời tiết', 'it-depends-on-the-weather', '/uploads/Audio/phrases/Truong-hop-khan-cap-va-suc-khoe/slow/itDependsOnTheWeather.mp3', '/uploads/Audio/phrases/Truong-hop-khan-cap-va-suc-khoe/normal/itDependsOnTheWeather.mp3', 14, '2017-07-13 18:30:34', '2017-07-13 18:30:34'),
(699, 'It''s very cold today', 'Hôm nay trời rất lạnh', 'its-very-cold-today', '/uploads/Audio/phrases/Truong-hop-khan-cap-va-suc-khoe/slow/itsVeryColdToday.mp3', '/uploads/Audio/phrases/Truong-hop-khan-cap-va-suc-khoe/normal/itsVeryColdToday.mp3', 14, '2017-07-13 18:31:19', '2017-07-13 18:31:19'),
(700, 'My luggage is missing', 'Hành lý của tôi bị thất lạc', 'my-luggage-is-missing', '/uploads/Audio/phrases/Truong-hop-khan-cap-va-suc-khoe/slow/myLuggageIsMissing.mp3', '/uploads/Audio/phrases/Truong-hop-khan-cap-va-suc-khoe/normal/myLuggageIsMissing.mp3', 14, '2017-07-13 18:32:16', '2017-07-13 18:32:16'),
(701, 'My stomach hurts', 'Tôi đau bụng', 'my-stomach-hurts', '/uploads/Audio/phrases/Truong-hop-khan-cap-va-suc-khoe/slow/myStomachHurts.mp3', '/uploads/Audio/phrases/Truong-hop-khan-cap-va-suc-khoe/normal/myStomachHurts.mp3', 14, '2017-07-13 18:33:22', '2017-07-13 18:33:22'),
(702, 'My throat is sore', 'Tôi đau họng', 'my-throat-is-sore', '/uploads/Audio/phrases/Truong-hop-khan-cap-va-suc-khoe/slow/myThroatIsSore.mp3', '/uploads/Audio/phrases/Truong-hop-khan-cap-va-suc-khoe/normal/myThroatIsSore.mp3', 14, '2017-07-13 18:34:01', '2017-07-13 18:34:01'),
(703, 'My watch has been stolen', 'Đồng hồ tôi đã bị đánh cắp', 'my-watch-has-been-stolen', '/uploads/Audio/phrases/Truong-hop-khan-cap-va-suc-khoe/slow/myWatchHasBeenStolen.mp3', '/uploads/Audio/phrases/Truong-hop-khan-cap-va-suc-khoe/normal/myWatchHasBeenStolen.mp3', 14, '2017-07-13 18:34:38', '2017-07-13 18:34:38'),
(704, 'Take this medicine', 'Dùng thuốc này', 'take-this-medicine', '/uploads/Audio/phrases/Truong-hop-khan-cap-va-suc-khoe/slow/takeThisMedicine.mp3', '/uploads/Audio/phrases/Truong-hop-khan-cap-va-suc-khoe/normal/takeThisMedicine.mp3', 14, '2017-07-13 18:35:14', '2017-07-13 18:35:14'),
(705, 'The accident happened at the intersection', 'Tai nạn xảy ra tại giao lộ', 'the-accident-happened-at-the-intersection', '/uploads/Audio/phrases/Truong-hop-khan-cap-va-suc-khoe/slow/theAccidentHappenedAtTheIntersection.mp3', '/uploads/Audio/phrases/Truong-hop-khan-cap-va-suc-khoe/normal/theAccidentHappenedAtTheIntersection.mp3', 14, '2017-07-13 18:35:58', '2017-07-13 18:35:58'),
(706, 'There has been a car accident', 'Đã có một tai nạn xe hơi', 'there-has-been-a-car-accident', '/uploads/Audio/phrases/Truong-hop-khan-cap-va-suc-khoe/slow/thereHasBeenACarAccident.mp3', '/uploads/Audio/phrases/Truong-hop-khan-cap-va-suc-khoe/normal/thereHasBeenACarAccident.mp3', 14, '2017-07-13 18:36:39', '2017-07-13 18:36:39'),
(707, 'Where can I exchange U.S. dollars?', 'Tôi có thể đổi đô la Mỹ ở đâu?', 'where-can-i-exchange-us-dollars', '/uploads/Audio/phrases/Truong-hop-khan-cap-va-suc-khoe/slow/whereCanIExchangeUSDollars.mp3', '/uploads/Audio/phrases/Truong-hop-khan-cap-va-suc-khoe/normal/whereCanIExchangeUSDollars.mp3', 14, '2017-07-13 18:37:14', '2017-07-13 18:37:14'),
(708, 'Where do you work?', 'Bạn làm việc ở đâu?', 'where-do-you-work', '/uploads/Audio/phrases/Truong-hop-khan-cap-va-suc-khoe/slow/whereDoYouWork.mp3', '/uploads/Audio/phrases/Truong-hop-khan-cap-va-suc-khoe/normal/whereDoYouWork.mp3', 14, '2017-07-13 18:37:50', '2017-07-13 18:37:50'),
(709, 'Where''s the nearest hospital?', 'Bệnh viện gần nhất ở đâu?', 'wheres-the-nearest-hospital', '/uploads/Audio/phrases/Truong-hop-khan-cap-va-suc-khoe/slow/wheresTheNearestHospital.mp3', '/uploads/Audio/phrases/Truong-hop-khan-cap-va-suc-khoe/normal/wheresTheNearestHospital.mp3', 14, '2017-07-13 18:38:24', '2017-07-13 18:38:24'),
(710, 'Where''s the post office?', 'Bưu điện ở đâu?', 'wheres-the-post-office', '/uploads/Audio/phrases/Truong-hop-khan-cap-va-suc-khoe/slow/wheresThePostOffice.mp3', '/uploads/Audio/phrases/Truong-hop-khan-cap-va-suc-khoe/normal/wheresThePostOffice.mp3', 14, '2017-07-13 18:38:55', '2017-07-13 18:38:55'),
(711, 'And you?', 'Còn bạn?', 'and-you', '/uploads/Audio/phrases/Nhung-cau-hoi-thong-thuong/slow/andYou.mp3', '/uploads/Audio/phrases/Nhung-cau-hoi-thong-thuong/normal/andYou.mp3', 16, '2017-07-13 18:40:59', '2017-07-13 18:40:59'),
(712, 'Anything else?', 'Còn gì nữa không?', 'anything-else', '/uploads/Audio/phrases/Nhung-cau-hoi-thong-thuong/slow/anythingElse.mp3', '/uploads/Audio/phrases/Nhung-cau-hoi-thong-thuong/normal/anythingElse.mp3', 16, '2017-07-13 18:41:40', '2017-07-13 18:41:40'),
(713, 'Are they the same?', 'Chúng giống nhau không?', 'are-they-the-same', '/uploads/Audio/phrases/Nhung-cau-hoi-thong-thuong/slow/areTheyTheSame.mp3', '/uploads/Audio/phrases/Nhung-cau-hoi-thong-thuong/normal/areTheyTheSame.mp3', 16, '2017-07-13 18:42:10', '2017-07-13 18:42:10'),
(714, 'Are you afraid?', 'Bạn sợ không?', 'are-you-afraid', '/uploads/Audio/phrases/Nhung-cau-hoi-thong-thuong/slow/areYouAfraid.mp3', '/uploads/Audio/phrases/Nhung-cau-hoi-thong-thuong/normal/areYouAfraid.mp3', 16, '2017-07-13 18:42:44', '2017-07-13 18:42:44'),
(715, 'Are you going to attend their wedding?', 'Bạn sẽ dự đám cưới của họ không?', 'are-you-going-to-attend-their-wedding', '/uploads/Audio/phrases/Nhung-cau-hoi-thong-thuong/slow/areYouGoingToAttendTheirWedding.mp3', '/uploads/Audio/phrases/Nhung-cau-hoi-thong-thuong/normal/areYouGoingToAttendTheirWedding.mp3', 16, '2017-07-13 18:44:00', '2017-07-13 18:44:00'),
(716, 'Are you married?', 'Bạn có gia đình không?', 'are-you-married', '/uploads/Audio/phrases/Nhung-cau-hoi-thong-thuong/slow/areYouMarried.mp3', '/uploads/Audio/phrases/Nhung-cau-hoi-thong-thuong/normal/areYouMarried.mp3', 16, '2017-07-13 18:44:36', '2017-07-13 18:44:36'),
(717, 'Are you okay?', 'Bạn có khỏe không?', 'are-you-okay', '/uploads/Audio/phrases/Nhung-cau-hoi-thong-thuong/slow/areYouOk.mp3', '/uploads/Audio/phrases/Nhung-cau-hoi-thong-thuong/normal/areYouOk.mp3', 16, '2017-07-13 18:45:52', '2017-07-13 18:45:52'),
(718, 'Are you sick?', 'Bạn ốm hả?', 'are-you-sick', '/uploads/Audio/phrases/Nhung-cau-hoi-thong-thuong/slow/areYouSick.mp3', '/uploads/Audio/phrases/Nhung-cau-hoi-thong-thuong/normal/areYouSick.mp3', 16, '2017-07-13 18:46:32', '2017-07-13 18:46:32'),
(719, 'Behind the bank', 'Sau ngân hàng', 'behind-the-bank', '/uploads/Audio/phrases/Nhung-cau-hoi-thong-thuong/slow/behinedTheBank.mp3', '/uploads/Audio/phrases/Nhung-cau-hoi-thong-thuong/normal/behinedTheBank.mp3', 16, '2017-07-13 18:47:07', '2017-07-13 18:47:07'),
(720, 'Can I borrow some money?', 'Tôi có thể mượn một ít tiền không?', 'can-i-borrow-some-money', '/uploads/Audio/phrases/Nhung-cau-hoi-thong-thuong/slow/canIBorrowSomeMoney.mp3', '/uploads/Audio/phrases/Nhung-cau-hoi-thong-thuong/normal/canIBorrowSomeMoney.mp3', 16, '2017-07-13 18:47:49', '2017-07-13 18:47:49'),
(721, 'Can I have the bill please?', 'Làm ơn đưa phiếu tính tiền?', 'can-i-have-the-bill-please', '/uploads/Audio/phrases/Nhung-cau-hoi-thong-thuong/slow/canIHaveTheBillPlease.mp3', '/uploads/Audio/phrases/Nhung-cau-hoi-thong-thuong/normal/canIHaveTheBillPlease.mp3', 16, '2017-07-13 18:48:54', '2017-07-13 18:48:54'),
(722, 'Can you call back later?', 'Bạn có thể gọi lại sau được không?', 'can-you-call-back-later', '/uploads/Audio/phrases/Nhung-cau-hoi-thong-thuong/slow/canYouCallBackLater.mp3', '/uploads/Audio/phrases/Nhung-cau-hoi-thong-thuong/normal/canYouCallBackLater.mp3', 16, '2017-07-13 18:49:37', '2017-07-13 18:49:37'),
(723, 'Can you call me back later?', 'Bạn có thể gọi lại cho tôi sau được không?', 'can-you-call-me-back-later', '/uploads/Audio/phrases/Nhung-cau-hoi-thong-thuong/slow/canYouCallMeBackLater.mp3', '/uploads/Audio/phrases/Nhung-cau-hoi-thong-thuong/normal/canYouCallMeBackLater.mp3', 16, '2017-07-13 18:50:11', '2017-07-13 18:50:11');
INSERT INTO `phrases` (`id`, `english`, `vietnamese`, `alias`, `audio_slow`, `audio_normal`, `cat_phrase_id`, `created_at`, `updated_at`) VALUES
(724, 'Can you carry this for me?', 'Bạn có thể mang giúp tôi cái này được không?', 'can-you-carry-this-for-me', '/uploads/Audio/phrases/Nhung-cau-hoi-thong-thuong/slow/canYouCarryThisForMe.mp3', '/uploads/Audio/phrases/Nhung-cau-hoi-thong-thuong/normal/canYouCarryThisForMe.mp3', 16, '2017-07-13 18:50:56', '2017-07-13 18:50:56'),
(725, 'Can you fix this?', 'Bạn có thể sửa cái này không?', 'can-you-fix-this', '/uploads/Audio/phrases/Nhung-cau-hoi-thong-thuong/slow/canYouFixThis.mp3', '/uploads/Audio/phrases/Nhung-cau-hoi-thong-thuong/normal/canYouFixThis.mp3', 16, '2017-07-13 18:51:28', '2017-07-13 18:51:28'),
(726, 'Can you give me an example?', 'Bạn có thể cho tôi một thí dụ được không?', 'can-you-give-me-an-example', '/uploads/Audio/phrases/Nhung-cau-hoi-thong-thuong/slow/canYouGiveMeAnExample.mp3', '/uploads/Audio/phrases/Nhung-cau-hoi-thong-thuong/normal/canYouGiveMeAnExample.mp3', 16, '2017-07-13 18:52:08', '2017-07-13 18:52:08'),
(727, 'Can you speak louder please?', 'Bạn có thể nói lớn hơn được không?', 'can-you-speak-louder-please', '/uploads/Audio/phrases/Nhung-cau-hoi-thong-thuong/slow/canYouSpeakLouderPlease.mp3', '/uploads/Audio/phrases/Nhung-cau-hoi-thong-thuong/normal/canYouSpeakLouderPlease.mp3', 16, '2017-07-13 18:52:45', '2017-07-13 18:52:45'),
(728, 'Can you swim?', 'Bạn biết bơi không?', 'can-you-swim', '/uploads/Audio/phrases/Nhung-cau-hoi-thong-thuong/slow/canYouSwim.mp3', '/uploads/Audio/phrases/Nhung-cau-hoi-thong-thuong/normal/canYouSwim.mp3', 16, '2017-07-13 18:53:27', '2017-07-13 18:53:27'),
(729, 'Does he like the school?', 'Anh ta có thích trường đó không?', 'does-he-like-the-school', '/uploads/Audio/phrases/Nhung-cau-hoi-thong-thuong/slow/doesHeLikeTheSchool.mp3', '/uploads/Audio/phrases/Nhung-cau-hoi-thong-thuong/normal/doesHeLikeTheSchool.mp3', 16, '2017-07-13 18:54:06', '2017-07-13 18:54:06'),
(730, 'Do you accept U.S. Dollars?', 'Bạn có nhận đô Mỹ không?', 'do-you-accept-us-dollars', '/uploads/Audio/phrases/Nhung-cau-hoi-thong-thuong/slow/doYouAcceptUSDollars.mp3', '/uploads/Audio/phrases/Nhung-cau-hoi-thong-thuong/normal/doYouAcceptUSDollars.mp3', 16, '2017-07-13 18:54:54', '2017-07-13 18:54:54'),
(731, 'Do you have a girlfriend?', 'Bạn có bạn gái không?', 'do-you-have-a-girlfriend', '/uploads/Audio/phrases/Nhung-cau-hoi-thong-thuong/slow/doYouHaveAGirlfriend.mp3', '/uploads/Audio/phrases/Nhung-cau-hoi-thong-thuong/normal/doYouHaveAGirlfriend.mp3', 16, '2017-07-13 18:56:01', '2017-07-13 18:56:01'),
(732, 'Do you have an appointment?', 'Bạn có hẹn không?', 'do-you-have-an-appointment', '/uploads/Audio/phrases/Nhung-cau-hoi-thong-thuong/slow/doYouHaveAnAppointment.mp3', '/uploads/Audio/phrases/Nhung-cau-hoi-thong-thuong/normal/doYouHaveAnAppointment.mp3', 16, '2017-07-13 18:56:32', '2017-07-13 18:56:32'),
(733, 'Do you have a problem?', 'Bạn có vấn đề à?', 'do-you-have-a-problem', '/uploads/Audio/phrases/Nhung-cau-hoi-thong-thuong/slow/doYouHaveAProblem.mp3', '/uploads/Audio/phrases/Nhung-cau-hoi-thong-thuong/normal/doYouHaveAProblem.mp3', 16, '2017-07-13 18:57:01', '2017-07-13 18:57:01'),
(734, 'Do you hear that?', 'Bạn có nghe cái đó không?', 'do-you-hear-that', '/uploads/Audio/phrases/Nhung-cau-hoi-thong-thuong/slow/doYouHearThat.mp3', '/uploads/Audio/phrases/Nhung-cau-hoi-thong-thuong/normal/doYouHearThat.mp3', 16, '2017-07-13 18:57:31', '2017-07-13 18:57:31'),
(735, 'Do you know how to get to the Marriott Hotel?', 'Bạn có biết đường tới khách sạn Marriott không?', 'do-you-know-how-to-get-to-the-marriott-hotel', '/uploads/Audio/phrases/Nhung-cau-hoi-thong-thuong/slow/doYouKnowHowToGetToTheMarriottHotel.mp3', '/uploads/Audio/phrases/Nhung-cau-hoi-thong-thuong/normal/doYouKnowHowToGetToTheMarriottHotel.mp3', 16, '2017-07-13 18:58:09', '2017-07-13 18:58:09'),
(736, 'Do you know what this means?', 'Bạn có biết cái này nghĩa là gì không?', 'do-you-know-what-this-means', '/uploads/Audio/phrases/Nhung-cau-hoi-thong-thuong/slow/doYouKnowWhatThisMeans.mp3', '/uploads/Audio/phrases/Nhung-cau-hoi-thong-thuong/normal/doYouKnowWhatThisMeans.mp3', 16, '2017-07-13 18:58:39', '2017-07-13 18:58:39'),
(737, 'Do you know where I can get a taxi?', 'Bạn có biết tôi có thể gọi tắc xi ở đâu không?', 'do-you-know-where-i-can-get-a-taxi', '/uploads/Audio/phrases/Nhung-cau-hoi-thong-thuong/slow/doYouKnowWhereICanGetATaxi.mp3', '/uploads/Audio/phrases/Nhung-cau-hoi-thong-thuong/normal/doYouKnowWhereICanGetATaxi.mp3', 16, '2017-07-13 18:59:09', '2017-07-13 18:59:09'),
(738, 'Do you know where my glasses are?', 'Bạn có biết cặp kính của tôi ở đâu không?', 'do-you-know-where-my-glasses-are', '/uploads/Audio/phrases/Nhung-cau-hoi-thong-thuong/slow/doYouKnowWhereMyGlassesAre.mp3', '/uploads/Audio/phrases/Nhung-cau-hoi-thong-thuong/normal/doYouKnowWhereMyGlassesAre.mp3', 16, '2017-07-13 19:00:31', '2017-07-13 19:00:31'),
(739, 'Do you like your co-workers?', 'Bạn có thích bạn đồng nghiệp của bạn không?', 'do-you-like-your-co-workers', '/uploads/Audio/phrases/Nhung-cau-hoi-thong-thuong/slow/doYouLikeYourCoworkers.mp3', '/uploads/Audio/phrases/Nhung-cau-hoi-thong-thuong/normal/doYouLikeYourCoworkers.mp3', 16, '2017-07-13 19:01:12', '2017-07-13 19:01:12'),
(740, 'Do you need anything else?', 'Bạn còn cần gì nữa không?', 'do-you-need-anything-else', '/uploads/Audio/phrases/Nhung-cau-hoi-thong-thuong/slow/doYouNeedAnythingElse.mp3', '/uploads/Audio/phrases/Nhung-cau-hoi-thong-thuong/normal/doYouNeedAnythingElse.mp3', 16, '2017-07-13 19:02:04', '2017-07-13 19:02:04'),
(741, 'Do you understand?', 'Bạn có hiểu không?', 'do-you-understand', '/uploads/Audio/phrases/Nhung-cau-hoi-thong-thuong/slow/doYouUnderstand.mp3', '/uploads/Audio/phrases/Nhung-cau-hoi-thong-thuong/normal/doYouUnderstand.mp3', 16, '2017-07-13 19:02:38', '2017-07-13 19:02:38'),
(742, 'Give me the pen', 'Đưa tôi cây viết', 'give-me-the-pen', '/uploads/Audio/phrases/Nhung-cau-hoi-thong-thuong/slow/giveMeThePen.mp3', '/uploads/Audio/phrases/Nhung-cau-hoi-thong-thuong/normal/giveMeThePen.mp3', 16, '2017-07-13 19:03:15', '2017-07-13 19:03:15'),
(743, 'How do you know?', 'Làm sao bạn biết?', 'how-do-you-know', '/uploads/Audio/phrases/Nhung-cau-hoi-thong-thuong/slow/howDoYouKnow.mp3', '/uploads/Audio/phrases/Nhung-cau-hoi-thong-thuong/normal/howDoYouKnow.mp3', 16, '2017-07-13 19:04:25', '2017-07-13 19:04:25'),
(744, 'How is she?', 'Cô ta thế nào?', 'how-is-she', '/uploads/Audio/phrases/Nhung-cau-hoi-thong-thuong/slow/howIsShe.mp3', '/uploads/Audio/phrases/Nhung-cau-hoi-thong-thuong/normal/howIsShe.mp3', 16, '2017-07-13 19:05:06', '2017-07-13 19:05:06'),
(745, 'How long is it?', 'Nó dài bao nhiêu?', 'how-long-is-it', '/uploads/Audio/phrases/Nhung-cau-hoi-thong-thuong/slow/howLongIsIt.mp3', '/uploads/Audio/phrases/Nhung-cau-hoi-thong-thuong/normal/howLongIsIt.mp3', 16, '2017-07-13 19:05:43', '2017-07-13 19:05:43'),
(746, 'How many?', 'Bao nhiêu?', 'how-many', '/uploads/Audio/phrases/Nhung-cau-hoi-thong-thuong/slow/howMany.mp3', '/uploads/Audio/phrases/Nhung-cau-hoi-thong-thuong/normal/howMany.mp3', 16, '2017-07-13 19:06:43', '2017-07-13 19:06:43'),
(747, 'How much is it?', 'Nó giá bao nhiêu?', 'how-much-is-it', '/uploads/Audio/phrases/Nhung-cau-hoi-thong-thuong/slow/howMuchIsIt.mp3', '/uploads/Audio/phrases/Nhung-cau-hoi-thong-thuong/normal/howMuchIsIt.mp3', 16, '2017-07-13 19:07:10', '2017-07-13 19:07:10'),
(748, 'I have a lot of things to do', 'Tôi có nhiều việc phải làm', 'i-have-a-lot-of-things-to-do', '/uploads/Audio/phrases/Nhung-cau-hoi-thong-thuong/slow/IHaveALotOfThingsToDo.mp3', '/uploads/Audio/phrases/Nhung-cau-hoi-thong-thuong/normal/IHaveALotOfThingsToDo.mp3', 16, '2017-07-13 19:07:54', '2017-07-13 19:07:54'),
(749, 'In 30 minutes', 'Trong vòng 30 phút', 'in-30-minutes', '/uploads/Audio/phrases/Nhung-cau-hoi-thong-thuong/slow/in30Minutes.mp3', '/uploads/Audio/phrases/Nhung-cau-hoi-thong-thuong/normal/in30Minutes.mp3', 16, '2017-07-13 19:08:37', '2017-07-13 19:08:37'),
(750, 'Is anyone else coming?', 'Còn ai khác tới không?', 'is-anyone-else-coming', '/uploads/Audio/phrases/Nhung-cau-hoi-thong-thuong/slow/IsAnyoneElseComing.mp3', '/uploads/Audio/phrases/Nhung-cau-hoi-thong-thuong/normal/IsAnyoneElseComing.mp3', 16, '2017-07-13 19:09:31', '2017-07-13 19:09:31'),
(751, 'Is everything ok?', 'Mọi việc ổn không?', 'is-everything-ok', '/uploads/Audio/phrases/Nhung-cau-hoi-thong-thuong/slow/isEverythingOK.mp3', '/uploads/Audio/phrases/Nhung-cau-hoi-thong-thuong/normal/isEverythingOK.mp3', 16, '2017-07-13 19:10:00', '2017-07-13 19:10:00'),
(752, 'Is it cold outside?', 'Bên ngoài trời lạnh không?', 'is-it-cold-outside', '/uploads/Audio/phrases/Nhung-cau-hoi-thong-thuong/slow/isItColdOutside.mp3', '/uploads/Audio/phrases/Nhung-cau-hoi-thong-thuong/normal/isItColdOutside.mp3', 16, '2017-07-13 19:10:58', '2017-07-13 19:10:58'),
(753, 'Is it far from here?', 'Nó cách xa đây không?', 'is-it-far-from-here', '/uploads/Audio/phrases/Nhung-cau-hoi-thong-thuong/slow/isItFarFromHere.mp3', '/uploads/Audio/phrases/Nhung-cau-hoi-thong-thuong/normal/isItFarFromHere.mp3', 16, '2017-07-13 19:11:32', '2017-07-13 19:11:32'),
(754, 'Is it hot?', 'Nó nóng không?', 'is-it-hot', '/uploads/Audio/phrases/Nhung-cau-hoi-thong-thuong/slow/isItHot.mp3', '/uploads/Audio/phrases/Nhung-cau-hoi-thong-thuong/normal/isItHot.mp3', 16, '2017-07-13 19:12:15', '2017-07-13 19:12:15'),
(755, 'Is it raining?', 'Trời đang mưa không?', 'is-it-raining', '/uploads/Audio/phrases/Nhung-cau-hoi-thong-thuong/slow/isItRaining.mp3', '/uploads/Audio/phrases/Nhung-cau-hoi-thong-thuong/normal/isItRaining.mp3', 16, '2017-07-13 19:12:51', '2017-07-13 19:12:51'),
(756, 'Is there anything cheaper?', 'Có thứ gì rẻ hơn không?', 'is-there-anything-cheaper', '/uploads/Audio/phrases/Nhung-cau-hoi-thong-thuong/slow/isThereAnythingCheaper.mp3', '/uploads/Audio/phrases/Nhung-cau-hoi-thong-thuong/normal/isThereAnythingCheaper.mp3', 16, '2017-07-13 19:13:34', '2017-07-13 19:13:34'),
(757, 'Is your son here?', 'Con trai bạn có đây không?', 'is-your-son-here', '/uploads/Audio/phrases/Nhung-cau-hoi-thong-thuong/slow/isYourSonHere.mp3', '/uploads/Audio/phrases/Nhung-cau-hoi-thong-thuong/normal/isYourSonHere.mp3', 16, '2017-07-13 19:14:20', '2017-07-13 19:14:20'),
(758, 'Should I wait?', 'Tôi nên đợi không?', 'should-i-wait', '/uploads/Audio/phrases/Nhung-cau-hoi-thong-thuong/slow/shouldIWait.mp3', '/uploads/Audio/phrases/Nhung-cau-hoi-thong-thuong/normal/shouldIWait.mp3', 16, '2017-07-13 19:14:57', '2017-07-13 19:14:57'),
(759, 'The big one or the small one?', 'Cái lớn hay cái nhỏ?', 'the-big-one-or-the-small-one', '/uploads/Audio/phrases/Nhung-cau-hoi-thong-thuong/slow/theBigOneOrTheSmallOne.mp3', '/uploads/Audio/phrases/Nhung-cau-hoi-thong-thuong/normal/theBigOneOrTheSmallOne.mp3', 16, '2017-07-13 19:15:41', '2017-07-13 19:15:41'),
(760, 'The cars are American', 'Những chiếc xe là xe Mỹ', 'the-cars-are-american', '/uploads/Audio/phrases/Nhung-cau-hoi-thong-thuong/slow/theCarsAreAmerican.mp3', '/uploads/Audio/phrases/Nhung-cau-hoi-thong-thuong/normal/theCarsAreAmerican.mp3', 16, '2017-07-13 19:16:21', '2017-07-13 19:16:21'),
(761, 'Were there any problems?', 'Đã có vấn đề gì không?', 'were-there-any-problems', '/uploads/Audio/phrases/Nhung-cau-hoi-thong-thuong/slow/wereThereAnyProblems.mp3', '/uploads/Audio/phrases/Nhung-cau-hoi-thong-thuong/normal/wereThereAnyProblems.mp3', 16, '2017-07-13 19:17:05', '2017-07-13 19:17:05'),
(762, 'Were you at the library last night?', 'Bạn có ở thư viện tối qua không?', 'were-you-at-the-library-last-night', '/uploads/Audio/phrases/Nhung-cau-hoi-thong-thuong/slow/wereYouAtTheLibraryLastNight.mp3', '/uploads/Audio/phrases/Nhung-cau-hoi-thong-thuong/normal/wereYouAtTheLibraryLastNight.mp3', 16, '2017-07-13 19:17:58', '2017-07-13 19:17:58'),
(763, 'What are you doing?', 'Bạn đang làm gì?', 'what-are-you-doing', '/uploads/Audio/phrases/Nhung-cau-hoi-thong-thuong/slow/whatAreYouDoing.mp3', '/uploads/Audio/phrases/Nhung-cau-hoi-thong-thuong/normal/whatAreYouDoing.mp3', 16, '2017-07-13 19:18:41', '2017-07-13 19:18:41'),
(764, 'What are you thinking about?', 'Bạn đang nghĩ gì?', 'what-are-you-thinking-about', '/uploads/Audio/phrases/Nhung-cau-hoi-thong-thuong/slow/whatAreYouThinkingAbout.mp3', '/uploads/Audio/phrases/Nhung-cau-hoi-thong-thuong/normal/whatAreYouThinkingAbout.mp3', 16, '2017-07-13 19:19:25', '2017-07-13 19:19:25'),
(765, 'What are you two talking about?', 'Hai bạn đang nói chuyện gì?', 'what-are-you-two-talking-about', '/uploads/Audio/phrases/Nhung-cau-hoi-thong-thuong/slow/whatAreYouTwoTalkingAbout.mp3', '/uploads/Audio/phrases/Nhung-cau-hoi-thong-thuong/normal/whatAreYouTwoTalkingAbout.mp3', 16, '2017-07-13 19:20:01', '2017-07-13 19:20:01'),
(766, 'What did you do last night?', 'Tối qua bạn làm gì?', 'what-did-you-do-last-night', '/uploads/Audio/phrases/Nhung-cau-hoi-thong-thuong/slow/whatDidYouDoLastNight.mp3', '/uploads/Audio/phrases/Nhung-cau-hoi-thong-thuong/normal/whatDidYouDoLastNight.mp3', 16, '2017-07-13 19:20:40', '2017-07-13 19:20:40'),
(767, 'What did you do yesterday?', 'Hôm qua bạn làm gì?', 'what-did-you-do-yesterday', '/uploads/Audio/phrases/Nhung-cau-hoi-thong-thuong/slow/whatDidYouDoYesterday.mp3', '/uploads/Audio/phrases/Nhung-cau-hoi-thong-thuong/normal/whatDidYouDoYesterday.mp3', 16, '2017-07-13 19:21:17', '2017-07-13 19:21:17'),
(768, 'What did you think?', 'Bạn đã nghĩ gì?', 'what-did-you-think', '/uploads/Audio/phrases/Nhung-cau-hoi-thong-thuong/slow/whatDidYouThink.mp3', '/uploads/Audio/phrases/Nhung-cau-hoi-thong-thuong/normal/whatDidYouThink.mp3', 16, '2017-07-13 19:22:16', '2017-07-13 19:22:16'),
(769, 'What do they study?', 'Họ học gì?', 'what-do-they-study', '/uploads/Audio/phrases/Nhung-cau-hoi-thong-thuong/slow/whatDoTheyStudy.mp3', '/uploads/Audio/phrases/Nhung-cau-hoi-thong-thuong/normal/whatDoTheyStudy.mp3', 16, '2017-07-13 19:22:47', '2017-07-13 19:22:47'),
(770, 'What do you have?', 'Bạn có gì?', 'what-do-you-have', '/uploads/Audio/phrases/Nhung-cau-hoi-thong-thuong/slow/whatDoYouHave.mp3', '/uploads/Audio/phrases/Nhung-cau-hoi-thong-thuong/normal/whatDoYouHave.mp3', 16, '2017-07-13 19:23:23', '2017-07-13 19:23:23'),
(771, 'What do you think?', 'Bạn nghĩ gì?', 'what-do-you-think', '/uploads/Audio/phrases/Nhung-cau-hoi-thong-thuong/slow/whatDoYouThink.mp3', '/uploads/Audio/phrases/Nhung-cau-hoi-thong-thuong/normal/whatDoYouThink.mp3', 16, '2017-07-13 19:24:18', '2017-07-13 19:24:18'),
(772, 'What happened?', 'Điều gì đã xảy ra?', 'what-happened', '/uploads/Audio/phrases/Nhung-cau-hoi-thong-thuong/slow/whatHappened.mp3', '/uploads/Audio/phrases/Nhung-cau-hoi-thong-thuong/normal/whatHappened.mp3', 16, '2017-07-13 19:24:52', '2017-07-13 19:24:52'),
(773, 'What is it?', 'Nó là cái gì?', 'what-is-it', '/uploads/Audio/phrases/Nhung-cau-hoi-thong-thuong/slow/whatIsIt.mp3', '/uploads/Audio/phrases/Nhung-cau-hoi-thong-thuong/normal/whatIsIt.mp3', 16, '2017-07-13 19:25:47', '2017-07-13 19:25:47'),
(774, 'What is that?', 'Đó là cái gì?', 'what-is-that', '/uploads/Audio/phrases/Nhung-cau-hoi-thong-thuong/slow/whatIsThat.mp3', '/uploads/Audio/phrases/Nhung-cau-hoi-thong-thuong/normal/whatIsThat.mp3', 16, '2017-07-13 19:26:32', '2017-07-13 19:26:32'),
(775, 'What should I wear?', 'Tôi nên mặc gì?', 'what-should-i-wear', '/uploads/Audio/phrases/Nhung-cau-hoi-thong-thuong/slow/whatShouldIWear.mp3', '/uploads/Audio/phrases/Nhung-cau-hoi-thong-thuong/normal/whatShouldIWear.mp3', 16, '2017-07-13 19:27:06', '2017-07-13 19:27:06'),
(776, 'What''s in it?', 'Có gì trong nó?', 'whats-in-it', '/uploads/Audio/phrases/Nhung-cau-hoi-thong-thuong/slow/whatsInIt.mp3', '/uploads/Audio/phrases/Nhung-cau-hoi-thong-thuong/normal/whatsInIt.mp3', 16, '2017-07-13 19:28:11', '2017-07-13 19:28:11'),
(777, 'What''s the temperature?', 'Nhiệt độ bao nhiêu?', 'whats-the-temperature', '/uploads/Audio/phrases/Nhung-cau-hoi-thong-thuong/slow/whatsTheTemerature.mp3', '/uploads/Audio/phrases/Nhung-cau-hoi-thong-thuong/normal/whatsTheTemerature.mp3', 16, '2017-07-13 19:28:46', '2017-07-13 19:28:46'),
(778, 'What''s this?', 'Cái gì đây?', 'whats-this', '/uploads/Audio/phrases/Nhung-cau-hoi-thong-thuong/slow/whatsThis.mp3', '/uploads/Audio/phrases/Nhung-cau-hoi-thong-thuong/normal/whatsThis.mp3', 16, '2017-07-13 19:29:30', '2017-07-13 19:29:30'),
(779, 'What''s up?', 'Có chuyện gì vậy?', 'whats-up', '/uploads/Audio/phrases/Nhung-cau-hoi-thong-thuong/slow/whatsUp.mp3', '/uploads/Audio/phrases/Nhung-cau-hoi-thong-thuong/normal/whatsUp.mp3', 16, '2017-07-13 19:30:20', '2017-07-13 19:30:20'),
(780, 'Where are you from?', 'Bạn từ đâu tới?', 'where-are-you-from', '/uploads/Audio/phrases/Nhung-cau-hoi-thong-thuong/slow/whereAreYouFrom.mp3', '/uploads/Audio/phrases/Nhung-cau-hoi-thong-thuong/normal/whereAreYouFrom.mp3', 16, '2017-07-13 19:30:55', '2017-07-13 19:30:55'),
(781, 'Where can I rent a car?', 'Tôi có thể thuê xe hơi ở đâu?', 'where-can-i-rent-a-car', '/uploads/Audio/phrases/Nhung-cau-hoi-thong-thuong/slow/whereCanIRentACar.mp3', '/uploads/Audio/phrases/Nhung-cau-hoi-thong-thuong/normal/whereCanIRentACar.mp3', 16, '2017-07-13 19:31:56', '2017-07-13 19:31:56'),
(782, 'Where did it happen?', 'Nó đã xảy ra ở đâu?', 'where-did-it-happen', '/uploads/Audio/phrases/Nhung-cau-hoi-thong-thuong/slow/whereDidItHappen.mp3', '/uploads/Audio/phrases/Nhung-cau-hoi-thong-thuong/normal/whereDidItHappen.mp3', 16, '2017-07-13 19:32:34', '2017-07-13 19:32:34'),
(783, 'Where did you learn it?', 'Bạn đã học nó ở đâu?', 'where-did-you-learn-it', '/uploads/Audio/phrases/Nhung-cau-hoi-thong-thuong/slow/whereDidYouLearnIt.mp3', '/uploads/Audio/phrases/Nhung-cau-hoi-thong-thuong/normal/whereDidYouLearnIt.mp3', 16, '2017-07-13 19:33:05', '2017-07-13 19:33:05'),
(784, 'Where is he?', 'Anh ta ở đâu?', 'where-is-he', '/uploads/Audio/phrases/Nhung-cau-hoi-thong-thuong/slow/whereIsHe.mp3', '/uploads/Audio/phrases/Nhung-cau-hoi-thong-thuong/normal/whereIsHe.mp3', 16, '2017-07-13 19:33:35', '2017-07-13 19:33:35'),
(785, 'Where is he from?', 'Anh ta từ đâu tới?', 'where-is-he-from', '/uploads/Audio/phrases/Nhung-cau-hoi-thong-thuong/slow/whereIsHeFrom.mp3', '/uploads/Audio/phrases/Nhung-cau-hoi-thong-thuong/normal/whereIsHeFrom.mp3', 16, '2017-07-13 19:34:08', '2017-07-13 19:34:08'),
(786, 'Which is better, the spaghetti or chicken salad?', 'Món nào ngon hơn, mì Ý hay rau gà?', 'which-is-better-the-spaghetti-or-chicken-salad', '/uploads/Audio/phrases/Nhung-cau-hoi-thong-thuong/slow/whichIsBetterTheSpaghettiOrChickenSalad.mp3', '/uploads/Audio/phrases/Nhung-cau-hoi-thong-thuong/normal/whichIsBetterTheSpaghettiOrChickenSalad.mp3', 16, '2017-07-13 19:34:51', '2017-07-13 19:34:51'),
(787, 'Which one do you want?', 'Bạn muốn cái nào?', 'which-one-do-you-want', '/uploads/Audio/phrases/Nhung-cau-hoi-thong-thuong/slow/whichOneDoYouWant.mp3', '/uploads/Audio/phrases/Nhung-cau-hoi-thong-thuong/normal/whichOneDoYouWant.mp3', 16, '2017-07-13 19:35:30', '2017-07-13 19:35:30'),
(788, 'Which one is cheaper?', 'Cái nào rẻ hơn?', 'which-one-is-cheaper', '/uploads/Audio/phrases/Nhung-cau-hoi-thong-thuong/slow/whichOneIsCheaper.mp3', '/uploads/Audio/phrases/Nhung-cau-hoi-thong-thuong/normal/whichOneIsCheaper.mp3', 16, '2017-07-13 19:36:05', '2017-07-13 19:36:05'),
(789, 'Which one is the best?', 'Cái nào tốt nhất?', 'which-one-is-the-best', '/uploads/Audio/phrases/Nhung-cau-hoi-thong-thuong/slow/whichOneIsTheBest.mp3', '/uploads/Audio/phrases/Nhung-cau-hoi-thong-thuong/normal/whichOneIsTheBest.mp3', 16, '2017-07-13 19:37:25', '2017-07-13 19:37:25'),
(790, 'Which school does he go to?', 'Anh ta học trường nào?', 'which-school-does-he-go-to', '/uploads/Audio/phrases/Nhung-cau-hoi-thong-thuong/slow/whichSchoolDoesHeGoTo.mp3', '/uploads/Audio/phrases/Nhung-cau-hoi-thong-thuong/normal/whichSchoolDoesHeGoTo.mp3', 16, '2017-07-13 19:38:07', '2017-07-13 19:38:07'),
(791, 'Who are they?', 'Họ là ai?', 'who-are-they', '/uploads/Audio/phrases/Nhung-cau-hoi-thong-thuong/slow/whoAreThey.mp3', '/uploads/Audio/phrases/Nhung-cau-hoi-thong-thuong/normal/whoAreThey.mp3', 16, '2017-07-13 19:38:43', '2017-07-13 19:38:43'),
(792, 'Who are you looking for?', 'Bạn đang tìm ai?', 'who-are-you-looking-for', '/uploads/Audio/phrases/Nhung-cau-hoi-thong-thuong/slow/whoAreYouLookingFor.mp3', '/uploads/Audio/phrases/Nhung-cau-hoi-thong-thuong/normal/whoAreYouLookingFor.mp3', 16, '2017-07-13 19:39:17', '2017-07-13 19:39:17'),
(793, 'Who is it', 'Ai đây?', 'who-is-it', '/uploads/Audio/phrases/Nhung-cau-hoi-thong-thuong/slow/whoIsIt.mp3', '/uploads/Audio/phrases/Nhung-cau-hoi-thong-thuong/normal/whoIsIt.mp3', 16, '2017-07-13 19:40:27', '2017-07-13 19:40:27'),
(794, 'Who''s that man over there?', 'Người đàn ông đằng kia là ai?', 'whos-that-man-over-there', '/uploads/Audio/phrases/Nhung-cau-hoi-thong-thuong/slow/whosThatManOverThere.mp3', '/uploads/Audio/phrases/Nhung-cau-hoi-thong-thuong/normal/whosThatManOverThere.mp3', 16, '2017-07-13 19:41:42', '2017-07-13 19:41:42'),
(795, 'Who taught you that?', 'Ai dạy bạn cái đó?', 'who-taught-you-that', '/uploads/Audio/phrases/Nhung-cau-hoi-thong-thuong/slow/whoTaughtYouThat.mp3', '/uploads/Audio/phrases/Nhung-cau-hoi-thong-thuong/normal/whoTaughtYouThat.mp3', 16, '2017-07-13 19:42:16', '2017-07-13 19:42:16'),
(796, 'Why did you say that?', 'Tại sao bạn đã nói điều đó?', 'why-did-you-say-that', '/uploads/Audio/phrases/Nhung-cau-hoi-thong-thuong/slow/whyDidYouSayThat.mp3', '/uploads/Audio/phrases/Nhung-cau-hoi-thong-thuong/normal/whyDidYouSayThat.mp3', 16, '2017-07-13 19:42:53', '2017-07-13 19:42:53'),
(797, 'Will you pass me the salt please?', 'Làm ơn đưa giùm tôi lọ muối?', 'will-you-pass-me-the-salt-please', '/uploads/Audio/phrases/Nhung-cau-hoi-thong-thuong/slow/willYouPassMeTheSaltPlease.mp3', '/uploads/Audio/phrases/Nhung-cau-hoi-thong-thuong/normal/willYouPassMeTheSaltPlease.mp3', 16, '2017-07-13 19:43:28', '2017-07-13 19:43:28'),
(798, 'Will you put this in the car for me?', 'Làm ơn đặt cái này vào trong xe giúp tôi.', 'will-you-put-this-in-the-car-for-me', '/uploads/Audio/phrases/Nhung-cau-hoi-thong-thuong/slow/willYouPutThisInTheCarForMe.mp3', '/uploads/Audio/phrases/Nhung-cau-hoi-thong-thuong/normal/willYouPutThisInTheCarForMe.mp3', 16, '2017-07-13 19:44:10', '2017-07-13 19:44:10'),
(799, 'Would you ask him to call me back please?', 'Làm ơn nói với anh ta gọi lại cho tôi.', 'would-you-ask-him-to-call-me-back-please', '/uploads/Audio/phrases/Nhung-cau-hoi-thong-thuong/slow/wouldYouAskHimToCallMeBackPlease.mp3', '/uploads/Audio/phrases/Nhung-cau-hoi-thong-thuong/normal/wouldYouAskHimToCallMeBackPlease.mp3', 16, '2017-07-13 19:44:42', '2017-07-13 19:44:42'),
(800, 'Yes', 'Vâng', 'yes', '/uploads/Audio/phrases/Nhung-cau-hoi-thong-thuong/slow/yes.mp3', '/uploads/Audio/phrases/Nhung-cau-hoi-thong-thuong/normal/yes.mp3', 16, '2017-07-13 19:45:19', '2017-07-13 19:45:19'),
(801, 'You have a very nice car', 'Bạn có một chiếc xe rất đẹp', 'you-have-a-very-nice-car', '/uploads/Audio/phrases/Nhung-cau-hoi-thong-thuong/slow/youHaveAVeryNiceCar.mp3', '/uploads/Audio/phrases/Nhung-cau-hoi-thong-thuong/normal/youHaveAVeryNiceCar.mp3', 16, '2017-07-13 19:46:12', '2017-07-13 19:46:12'),
(802, 'You look like my sister', 'Bạn trông giống em gái của tôi', 'you-look-like-my-sister', '/uploads/Audio/phrases/Nhung-cau-hoi-thong-thuong/slow/youLookLikeMySister.mp3', '/uploads/Audio/phrases/Nhung-cau-hoi-thong-thuong/normal/youLookLikeMySister.mp3', 16, '2017-07-13 19:47:07', '2017-07-13 19:47:07'),
(803, '6 dollars per hour', '6 đô 1 giờ', '6-dollars-per-hour', '/uploads/Audio/phrases/Viec-lam/slow/sixDollarsPerHour.mp3', '/uploads/Audio/phrases/Viec-lam/normal/sixDollarsPerHour.mp3', 17, '2017-07-13 19:51:41', '2017-07-13 19:51:41'),
(804, 'Are you waiting for someone?', 'Bạn đang chờ ai đó hả?', 'are-you-waiting-for-someone', '/uploads/Audio/phrases/Viec-lam/slow/areYouWaitingForSomeone.mp3', '/uploads/Audio/phrases/Viec-lam/normal/areYouWaitingForSomeone.mp3', 17, '2017-07-13 19:52:20', '2017-07-13 19:52:20'),
(805, 'Are you working today?', 'Hôm nay bạn có làm việc không?', 'are-you-working-today', '/uploads/Audio/phrases/Viec-lam/slow/areYouWorkingToday.mp3', '/uploads/Audio/phrases/Viec-lam/normal/areYouWorkingToday.mp3', 17, '2017-07-13 19:52:50', '2017-07-13 19:52:50'),
(806, 'Bring me my shirt please', 'Làm ơn đưa giùm cái áo sơ mi của tôi', 'bring-me-my-shirt-please', '/uploads/Audio/phrases/Viec-lam/slow/bringMeMyShirtPlease.mp3', '/uploads/Audio/phrases/Viec-lam/normal/bringMeMyShirtPlease.mp3', 17, '2017-07-13 19:53:20', '2017-07-13 19:53:20'),
(807, 'Do you like to watch TV?', 'Bạn có thích xem tivi không?', 'do-you-like-to-watch-tv', '/uploads/Audio/phrases/Viec-lam/slow/doYouLikeToWatchTV.mp3', '/uploads/Audio/phrases/Viec-lam/normal/doYouLikeToWatchTV.mp3', 17, '2017-07-13 19:53:54', '2017-07-13 19:53:54'),
(808, 'Do you like your boss?', 'Bạn có thích sếp của bạn không?', 'do-you-like-your-boss', '/uploads/Audio/phrases/Viec-lam/slow/doYouLikeYourBoss.mp3', '/uploads/Audio/phrases/Viec-lam/normal/doYouLikeYourBoss.mp3', 17, '2017-07-13 19:54:25', '2017-07-13 19:54:25'),
(809, 'Have you finished studying?', 'Bạn đã học xong chưa?', 'have-you-finished-studying', '/uploads/Audio/phrases/Viec-lam/slow/haveYouFinishedStudying.mp3', '/uploads/Audio/phrases/Viec-lam/normal/haveYouFinishedStudying.mp3', 17, '2017-07-13 19:55:01', '2017-07-13 19:55:01'),
(810, 'He''s an Engineer', 'Anh ta là kỹ sư', 'hes-an-engineer', '/uploads/Audio/phrases/Viec-lam/slow/hesAnEngineer.mp3', '/uploads/Audio/phrases/Viec-lam/normal/hesAnEngineer.mp3', 17, '2017-07-13 19:56:20', '2017-07-13 19:56:20'),
(811, 'He''s very hard working', 'Anh ta rất chăm chỉ', 'hes-very-hard-working', '/uploads/Audio/phrases/Viec-lam/slow/hesVeryHardWorking.mp3', '/uploads/Audio/phrases/Viec-lam/normal/hesVeryHardWorking.mp3', 17, '2017-07-13 19:57:00', '2017-07-13 19:57:00'),
(812, 'He works at a computer company in New York', 'Anh ta làm việc tại một công ty máy tính ở New York', 'he-works-at-a-computer-company-in-new-york', '/uploads/Audio/phrases/Viec-lam/slow/heWorksAtAComputerCompanyInNY.mp3', '/uploads/Audio/phrases/Viec-lam/normal/heWorksAtAComputerCompanyInNY.mp3', 17, '2017-07-13 19:57:43', '2017-07-13 19:57:43'),
(813, 'How long have you worked here?', 'Bạn đã làm việc ở đây bao lâu?', 'how-long-have-you-worked-here', '/uploads/Audio/phrases/Viec-lam/slow/howLongHaveYouWorkedHere.mp3', '/uploads/Audio/phrases/Viec-lam/normal/howLongHaveYouWorkedHere.mp3', 17, '2017-07-13 19:59:01', '2017-07-13 19:59:01'),
(814, 'How many hours a week do you work?', 'Bạn làm việc mấy giờ một tuần?', 'how-many-hours-a-week-do-you-work', '/uploads/Audio/phrases/Viec-lam/slow/howManyHoursAWeekDoYouWork.mp3', '/uploads/Audio/phrases/Viec-lam/normal/howManyHoursAWeekDoYouWork.mp3', 17, '2017-07-13 19:59:49', '2017-07-13 19:59:49'),
(815, 'How much money do you have?', 'Bạn có bao nhiêu tiền?', 'how-much-money-do-you-have', '/uploads/Audio/phrases/Viec-lam/slow/howMuchMoneyDoYouHave.mp3', '/uploads/Audio/phrases/Viec-lam/normal/howMuchMoneyDoYouHave.mp3', 17, '2017-07-13 20:00:28', '2017-07-13 20:00:28'),
(816, 'How''s the weather?', 'Thời tiết thế nào?', 'hows-the-weather', '/uploads/Audio/phrases/Viec-lam/slow/howsTheWeather.mp3', '/uploads/Audio/phrases/Viec-lam/normal/howsTheWeather.mp3', 17, '2017-07-13 20:01:07', '2017-07-13 20:01:07'),
(817, 'How was the trip?', 'Chuyến đi thế nào?', 'how-was-the-trip', '/uploads/Audio/phrases/Viec-lam/slow/howWasTheTrip.mp3', '/uploads/Audio/phrases/Viec-lam/normal/howWasTheTrip.mp3', 17, '2017-07-13 20:01:35', '2017-07-13 20:01:35'),
(818, 'I forget', 'Tôi quên', 'i-forget', '/uploads/Audio/phrases/Viec-lam/slow/IForget.mp3', '/uploads/Audio/phrases/Viec-lam/normal/IForget.mp3', 17, '2017-07-13 20:02:09', '2017-07-13 20:02:09'),
(819, 'I''m good', 'Tôi khỏe', 'im-good', '/uploads/Audio/phrases/Viec-lam/slow/imGood.mp3', '/uploads/Audio/phrases/Viec-lam/normal/imGood.mp3', 17, '2017-07-13 20:02:41', '2017-07-13 20:02:41'),
(820, 'I''m ready', 'Tôi sẵn sàng', 'im-ready', '/uploads/Audio/phrases/Viec-lam/slow/ImReady.mp3', '/uploads/Audio/phrases/Viec-lam/normal/ImReady.mp3', 17, '2017-07-13 20:03:13', '2017-07-13 20:03:13'),
(821, 'I still have a lot of things to buy', 'Tôi còn nhiều thứ phải mua', 'i-still-have-a-lot-of-things-to-buy', '/uploads/Audio/phrases/Viec-lam/slow/IStillHaveALotOfThingsToBuy.mp3', '/uploads/Audio/phrases/Viec-lam/normal/IStillHaveALotOfThingsToBuy.mp3', 17, '2017-07-13 20:03:48', '2017-07-13 20:03:48'),
(822, 'I''ve seen it', 'Tôi đã thấy nó', 'ive-seen-it', '/uploads/Audio/phrases/Viec-lam/slow/IveSeenIt.mp3', '/uploads/Audio/phrases/Viec-lam/normal/IveSeenIt.mp3', 17, '2017-07-13 20:04:21', '2017-07-13 20:04:21'),
(823, 'What does he do for work?', 'Anh ta làm nghề gì?', 'what-does-he-do-for-work', '/uploads/Audio/phrases/Viec-lam/slow/whatDoesHeDoForWork.mp3', '/uploads/Audio/phrases/Viec-lam/normal/whatDoesHeDoForWork.mp3', 17, '2017-07-13 20:05:00', '2017-07-13 20:05:00'),
(824, 'What does your father do for work?', 'Bố bạn làm nghề gì?', 'what-does-your-father-do-for-work', '/uploads/Audio/phrases/Viec-lam/slow/whatDoesYourFatherDoForWork.mp3', '/uploads/Audio/phrases/Viec-lam/normal/whatDoesYourFatherDoForWork.mp3', 17, '2017-07-13 20:05:42', '2017-07-13 20:05:42'),
(825, 'What do you do for work?', 'Bạn làm nghề gì?', 'what-do-you-do-for-work', '/uploads/Audio/phrases/Viec-lam/slow/whatDoYouDoForWork.mp3', '/uploads/Audio/phrases/Viec-lam/normal/whatDoYouDoForWork.mp3', 17, '2017-07-13 20:06:38', '2017-07-13 20:06:38'),
(826, 'What do your parents do for work?', 'Bố mẹ bạn làm nghề gì?', 'what-do-your-parents-do-for-work', '/uploads/Audio/phrases/Viec-lam/slow/whatDoYourParentsDoForWork.mp3', '/uploads/Audio/phrases/Viec-lam/normal/whatDoYourParentsDoForWork.mp3', 17, '2017-07-13 20:07:17', '2017-07-13 20:07:17'),
(827, 'What''s the matter?', 'Có chuyện gì vậy?', 'whats-the-matter', '/uploads/Audio/phrases/Viec-lam/slow/whatsTheMatter.mp3', '/uploads/Audio/phrases/Viec-lam/normal/whatsTheMatter.mp3', 17, '2017-07-13 20:07:57', '2017-07-13 20:07:57'),
(828, 'What time do you go to work everyday?', 'Mỗi ngày bạn đi làm lúc mấy giờ?', 'what-time-do-you-go-to-work-everyday', '/uploads/Audio/phrases/Viec-lam/slow/whatTimeDoYouGoToWorkEveryday.mp3', '/uploads/Audio/phrases/Viec-lam/normal/whatTimeDoYouGoToWorkEveryday.mp3', 17, '2017-07-13 20:08:48', '2017-07-13 20:08:48'),
(829, 'When do you arrive in the U.S.?', 'Khi nào bạn tới Mỹ?', 'when-do-you-arrive-in-the-us', '/uploads/Audio/phrases/Viec-lam/slow/whenDoYouArriveInTheUS.mp3', '/uploads/Audio/phrases/Viec-lam/normal/whenDoYouArriveInTheUS.mp3', 17, '2017-07-13 20:09:23', '2017-07-13 20:09:23'),
(830, 'When do you get off work?', 'Khi nào bạn xong việc?', 'when-do-you-get-off-work', '/uploads/Audio/phrases/Viec-lam/slow/whenDoYouGetOffWork.mp3', '/uploads/Audio/phrases/Viec-lam/normal/whenDoYouGetOffWork.mp3', 17, '2017-07-13 20:10:20', '2017-07-13 20:10:20'),
(831, 'Where did you put it?', 'Bạn đã đặt nó ở đâu?', 'where-did-you-put-it', '/uploads/Audio/phrases/Viec-lam/slow/whereDidYouPutIt.mp3', '/uploads/Audio/phrases/Viec-lam/normal/whereDidYouPutIt.mp3', 17, '2017-07-13 20:11:07', '2017-07-13 20:11:07'),
(832, 'Where does it hurt?', 'Đau ở đâu?', 'where-does-it-hurt', '/uploads/Audio/phrases/Viec-lam/slow/whereDoesItHurt.mp3', '/uploads/Audio/phrases/Viec-lam/normal/whereDoesItHurt.mp3', 17, '2017-07-13 20:11:39', '2017-07-13 20:11:39'),
(833, 'Where do you want to go?', 'Bạn muốn đi đâu?', 'where-do-you-want-to-go', '/uploads/Audio/phrases/Viec-lam/slow/whereDoYouWantToGo.mp3', '/uploads/Audio/phrases/Viec-lam/normal/whereDoYouWantToGo.mp3', 17, '2017-07-13 20:13:36', '2017-07-13 20:13:36'),
(834, 'Come here', 'Tới đây', 'come-here', '/uploads/Audio/phrases/Thoi-tiet/slow/comeHere.mp3', '/uploads/Audio/phrases/Thoi-tiet/normal/comeHere.mp3', 18, '2017-07-13 20:16:00', '2017-07-13 20:16:00'),
(835, 'Does it often snow in the winter in Massachusetts?', 'Trời có thường mưa tuyết vào mùa đông ở Massachusetts không?', 'does-it-often-snow-in-the-winter-in-massachusetts', '/uploads/Audio/phrases/Thoi-tiet/slow/doesItOftenSnowInTheWinterInMass.mp3', '/uploads/Audio/phrases/Thoi-tiet/normal/doesItOftenSnowInTheWinterInMass.mp3', 18, '2017-07-13 20:16:50', '2017-07-13 20:16:50'),
(836, 'Do you think it''ll rain today?', 'Bạn có nghĩ hôm nay trời sẽ mưa không?', 'do-you-think-itll-rain-today', '/uploads/Audio/phrases/Thoi-tiet/slow/doYouThinkItllRainToday.mp3', '/uploads/Audio/phrases/Thoi-tiet/normal/doYouThinkItllRainToday.mp3', 18, '2017-07-13 20:18:26', '2017-07-13 20:18:26'),
(837, 'Do you think it''s going to rain tomorrow?', 'Bạn có nghĩ ngày mai trời sẽ mưa không?', 'do-you-think-its-going-to-rain-tomorrow', '/uploads/Audio/phrases/Thoi-tiet/slow/doYouThinkItsGoingToRainTomorrow.mp3', '/uploads/Audio/phrases/Thoi-tiet/normal/doYouThinkItsGoingToRainTomorrow.mp3', 18, '2017-07-13 20:19:29', '2017-07-13 20:19:29'),
(838, 'How''s business?', 'Việc làm ăn thế nào?', 'hows-business', '/uploads/Audio/phrases/Thoi-tiet/slow/howsBusiness.mp3', '/uploads/Audio/phrases/Thoi-tiet/normal/howsBusiness.mp3', 18, '2017-07-13 20:20:00', '2017-07-13 20:20:00'),
(839, 'Is it close?', 'Nó gần không?', 'is-it-close', '/uploads/Audio/phrases/Thoi-tiet/slow/isItClose.mp3', '/uploads/Audio/phrases/Thoi-tiet/normal/isItClose.mp3', 18, '2017-07-13 20:20:35', '2017-07-13 20:20:35'),
(840, 'Is it possible?', 'Điều đó có thể không?', 'is-it-possible', '/uploads/Audio/phrases/Thoi-tiet/slow/isItPossible.mp3', '/uploads/Audio/phrases/Thoi-tiet/normal/isItPossible.mp3', 18, '2017-07-13 20:21:18', '2017-07-13 20:21:18'),
(841, 'Is it ready?', 'Nó sẵn sàng không?', 'is-it-ready', '/uploads/Audio/phrases/Thoi-tiet/slow/isItReady.mp3', '/uploads/Audio/phrases/Thoi-tiet/normal/isItReady.mp3', 18, '2017-07-13 20:21:58', '2017-07-13 20:21:58'),
(842, 'It costs 20 dollars per hour', 'Giá 20 đô một giờ', 'it-costs-20-dollars-per-hour', '/uploads/Audio/phrases/Thoi-tiet/slow/itCosts20DollarsPerHour.mp3', '/uploads/Audio/phrases/Thoi-tiet/normal/itCosts20DollarsPerHour.mp3', 18, '2017-07-13 20:22:41', '2017-07-13 20:22:41'),
(843, 'It hurts here', 'Đau ở đây', 'it-hurts-here', '/uploads/Audio/phrases/Thoi-tiet/slow/itHurtsHere.mp3', '/uploads/Audio/phrases/Thoi-tiet/normal/itHurtsHere.mp3', 18, '2017-07-13 20:23:12', '2017-07-13 20:23:12'),
(844, 'It''s far from here', 'Nó cách xa đây', 'its-far-from-here', '/uploads/Audio/phrases/Thoi-tiet/slow/itsFarFromHere.mp3', '/uploads/Audio/phrases/Thoi-tiet/normal/itsFarFromHere.mp3', 18, '2017-07-13 20:23:46', '2017-07-13 20:23:46'),
(845, 'It''s going to be hot today', 'Hôm nay trời sẽ nóng', 'its-going-to-be-hot-today', '/uploads/Audio/phrases/Thoi-tiet/slow/itsGoingToBeHotToday.mp3', '/uploads/Audio/phrases/Thoi-tiet/normal/itsGoingToBeHotToday.mp3', 18, '2017-07-13 20:24:26', '2017-07-13 20:24:26'),
(846, 'It''s north of here', 'Nó ở phía bắc nơi này', 'its-north-of-here', '/uploads/Audio/phrases/Thoi-tiet/slow/itsNorthOfHere.mp3', '/uploads/Audio/phrases/Thoi-tiet/normal/itsNorthOfHere.mp3', 18, '2017-07-13 20:25:05', '2017-07-13 20:25:05'),
(847, 'It''s over there', 'Nó ở đằng kia', 'its-over-there', '/uploads/Audio/phrases/Thoi-tiet/slow/itsOverThere.mp3', '/uploads/Audio/phrases/Thoi-tiet/normal/itsOverThere.mp3', 18, '2017-07-13 20:25:46', '2017-07-13 20:25:46'),
(848, 'It''s raining', 'Trời đang mưa', 'its-raining', '/uploads/Audio/phrases/Thoi-tiet/slow/itsRaining.mp3', '/uploads/Audio/phrases/Thoi-tiet/normal/itsRaining.mp3', 18, '2017-07-13 20:26:21', '2017-07-13 20:26:21'),
(849, 'It''s too late', 'Muộn quá rồi', 'its-too-late', '/uploads/Audio/phrases/Thoi-tiet/slow/itsTooLate.mp3', '/uploads/Audio/phrases/Thoi-tiet/normal/itsTooLate.mp3', 18, '2017-07-13 20:26:53', '2017-07-13 20:26:53'),
(850, 'It''s very important', 'Nó rất quan trọng', 'its-very-important', '/uploads/Audio/phrases/Thoi-tiet/slow/itsVeryImportant.mp3', '/uploads/Audio/phrases/Thoi-tiet/normal/itsVeryImportant.mp3', 18, '2017-07-13 20:27:24', '2017-07-13 20:27:24'),
(851, 'It will arrive shortly', 'Nó sẽ sớm tới', 'it-will-arrive-shortly', '/uploads/Audio/phrases/Thoi-tiet/slow/itWillArriveShortly.mp3', '/uploads/Audio/phrases/Thoi-tiet/normal/itWillArriveShortly.mp3', 18, '2017-07-13 20:28:03', '2017-07-13 20:28:03'),
(852, 'The roads are slippery', 'Đường trơn', 'the-roads-are-slippery', '/uploads/Audio/phrases/Thoi-tiet/slow/theRoadsAreSlippery.mp3', '/uploads/Audio/phrases/Thoi-tiet/normal/theRoadsAreSlippery.mp3', 18, '2017-07-13 20:28:50', '2017-07-13 20:28:50'),
(853, 'What''s the room rate?', 'Giá phòng bao nhiêu?', 'whats-the-room-rate', '/uploads/Audio/phrases/Thoi-tiet/slow/whatsTheRoomRate.mp3', '/uploads/Audio/phrases/Thoi-tiet/normal/whatsTheRoomRate.mp3', 18, '2017-07-13 20:30:15', '2017-07-13 20:30:15'),
(854, 'What will the weather be like tomorrow?', 'Ngày mai thời tiết thế nào?', 'what-will-the-weather-be-like-tomorrow', '/uploads/Audio/phrases/Thoi-tiet/slow/whatWillTheWeatherBeLikeTomorrow.mp3', '/uploads/Audio/phrases/Thoi-tiet/normal/whatWillTheWeatherBeLikeTomorrow.mp3', 18, '2017-07-13 20:30:46', '2017-07-13 20:30:46'),
(855, 'Amy is John''s girlfriend', 'Amy là bạn gái của John', 'amy-is-johns-girlfriend', '/uploads/Audio/phrases/Khac/slow/amyIsJohnsGirlfriend.mp3', '/uploads/Audio/phrases/Khac/normal/amyIsJohnsGirlfriend.mp3', 20, '2017-07-13 20:39:36', '2017-07-13 20:39:36'),
(856, 'He always does that for me', 'Anh ta luôn làm việc ấy cho tôi', 'he-always-does-that-for-me', '/uploads/Audio/phrases/Khac/slow/heAlwaysDoesThatForMe.mp3', '/uploads/Audio/phrases/Khac/normal/heAlwaysDoesThatForMe.mp3', 20, '2017-07-13 20:40:18', '2017-07-13 20:40:18'),
(857, 'He broke the window', 'Anh ta đánh vỡ cửa sổ', 'he-broke-the-window', '/uploads/Audio/phrases/Khac/slow/heBrokeTheWindow.mp3', '/uploads/Audio/phrases/Khac/normal/heBrokeTheWindow.mp3', 20, '2017-07-13 20:40:48', '2017-07-13 20:40:48'),
(858, 'He doesn''t look like a nurse', 'Anh ta trông không giống một y tá', 'he-doesnt-look-like-a-nurse', '/uploads/Audio/phrases/Khac/slow/heDoesntLookLikeANurse.mp3', '/uploads/Audio/phrases/Khac/normal/heDoesntLookLikeANurse.mp3', 20, '2017-07-13 20:41:20', '2017-07-13 20:41:20'),
(859, 'He has a nice car', 'Anh ta có một chiếc xe đẹp', 'he-has-a-nice-car', '/uploads/Audio/phrases/Khac/slow/heHasANiceCar.mp3', '/uploads/Audio/phrases/Khac/normal/heHasANiceCar.mp3', 20, '2017-07-13 20:41:51', '2017-07-13 20:41:51'),
(860, 'He never gives me anything', 'Anh ta không bao giờ cho tôi cái gì', 'he-never-gives-me-anything', '/uploads/Audio/phrases/Khac/slow/heNeverGivesMeAnything.mp3', '/uploads/Audio/phrases/Khac/normal/heNeverGivesMeAnything.mp3', 20, '2017-07-13 20:43:01', '2017-07-13 20:43:01'),
(861, 'He said this is a nice place', 'Anh ta nói đây là một nơi đẹp', 'he-said-this-is-a-nice-place', '/uploads/Audio/phrases/Khac/slow/heSaidThisIsANicePlace.mp3', '/uploads/Audio/phrases/Khac/normal/heSaidThisIsANicePlace.mp3', 20, '2017-07-13 20:43:37', '2017-07-13 20:43:37'),
(862, 'He''s an American', 'Anh ta là người Mỹ', 'hes-an-american', '/uploads/Audio/phrases/Khac/slow/hesAnAmerican.mp3', '/uploads/Audio/phrases/Khac/normal/hesAnAmerican.mp3', 20, '2017-07-13 20:44:09', '2017-07-13 20:44:09'),
(863, 'He''s a very good student', 'Anh ta là một học viên tốt', 'hes-a-very-good-student', '/uploads/Audio/phrases/Khac/slow/hesAVeryGoodStudent.mp3', '/uploads/Audio/phrases/Khac/normal/hesAVeryGoodStudent.mp3', 20, '2017-07-13 20:44:46', '2017-07-13 20:44:46'),
(864, 'He''s faster than me', 'Anh ta nhanh hơn tôi', 'hes-faster-than-me', '/uploads/Audio/phrases/Khac/slow/hesFasterThanMe.mp3', '/uploads/Audio/phrases/Khac/normal/hesFasterThanMe.mp3', 20, '2017-07-13 20:45:26', '2017-07-13 20:45:26'),
(865, 'He thinks we don''t want to go', 'Anh ta nghĩ chúng ta không muốn đi', 'he-thinks-we-dont-want-to-go', '/uploads/Audio/phrases/Khac/slow/heThinksWeDontWantToGo.mp3', '/uploads/Audio/phrases/Khac/normal/heThinksWeDontWantToGo.mp3', 20, '2017-07-13 20:46:05', '2017-07-13 20:46:05'),
(866, 'His room is very small', 'Phòng anh ta rất nhỏ', 'his-room-is-very-small', '/uploads/Audio/phrases/Khac/slow/hisRoomIsVerySmall.mp3', '/uploads/Audio/phrases/Khac/normal/hisRoomIsVerySmall.mp3', 20, '2017-07-13 20:46:40', '2017-07-13 20:46:40'),
(867, 'His son', 'Con trai anh ta', 'his-son', '/uploads/Audio/phrases/Khac/slow/hisSon.mp3', '/uploads/Audio/phrases/Khac/normal/hisSon.mp3', 20, '2017-07-13 20:47:10', '2017-07-13 20:47:10'),
(868, 'How are your parents?', 'Bố mẹ bạn khỏe không?', 'how-are-your-parents', '/uploads/Audio/phrases/Khac/slow/howAreYourParents.mp3', '/uploads/Audio/phrases/Khac/normal/howAreYourParents.mp3', 20, '2017-07-13 20:47:51', '2017-07-13 20:47:51'),
(869, 'How do I use this?', 'Tôi dùng cái này như thế nào?', 'how-do-i-use-this', '/uploads/Audio/phrases/Khac/slow/howDoIUseThis.mp3', '/uploads/Audio/phrases/Khac/normal/howDoIUseThis.mp3', 20, '2017-07-13 20:48:29', '2017-07-13 20:48:29'),
(870, 'I came with my family', 'Tôi tới với gia đình', 'i-came-with-my-family', '/uploads/Audio/phrases/Khac/slow/iCameWithMyFamily.mp3', '/uploads/Audio/phrases/Khac/normal/iCameWithMyFamily.mp3', 20, '2017-07-13 20:48:58', '2017-07-13 20:48:58'),
(871, 'I''d like to exchange this for Dollars', 'Tôi muốn đổi tiền này ra đô la', 'id-like-to-exchange-this-for-dollars', '/uploads/Audio/phrases/Khac/slow/IdLikeToExchangeThisForDollars.mp3', '/uploads/Audio/phrases/Khac/normal/IdLikeToExchangeThisForDollars.mp3', 20, '2017-07-13 20:49:31', '2017-07-13 20:49:31'),
(872, 'I''d like to use the internet', 'Tôi muốn dùng internet', 'id-like-to-use-the-internet', '/uploads/Audio/phrases/Khac/slow/idLikeToUseTheInternet.mp3', '/uploads/Audio/phrases/Khac/normal/idLikeToUseTheInternet.mp3', 20, '2017-07-13 20:50:09', '2017-07-13 20:50:09'),
(873, 'I don''t have time right now', 'Ngay bây giờ tôi không có thời gian', 'i-dont-have-time-right-now', '/uploads/Audio/phrases/Khac/slow/iDontHaveTimeRightNow.mp3', '/uploads/Audio/phrases/Khac/normal/iDontHaveTimeRightNow.mp3', 20, '2017-07-13 20:50:41', '2017-07-13 20:50:41'),
(874, 'I don''t know', 'Tôi không biết', 'i-dont-know', '/uploads/Audio/phrases/Khac/slow/iDontKnow.mp3', '/uploads/Audio/phrases/Khac/normal/iDontKnow.mp3', 20, '2017-07-13 20:51:15', '2017-07-13 20:51:15'),
(875, 'I have money', 'Tôi có tiền', 'i-have-money', '/uploads/Audio/phrases/Khac/slow/IHaveMoney.mp3', '/uploads/Audio/phrases/Khac/normal/IHaveMoney.mp3', 20, '2017-07-13 20:51:47', '2017-07-13 20:51:47'),
(876, 'I haven''t had lunch yet', 'Tôi chưa ăn trưa', 'i-havent-had-lunch-yet', '/uploads/Audio/phrases/Khac/slow/IHaventHadLunchYet.mp3', '/uploads/Audio/phrases/Khac/normal/IHaventHadLunchYet.mp3', 20, '2017-07-13 20:52:29', '2017-07-13 20:52:29'),
(877, 'I have to go to the post office', 'Tôi phải ra bưu điện', 'i-have-to-go-to-the-post-office', '/uploads/Audio/phrases/Khac/slow/IHaveToGoToThePostOffice.mp3', '/uploads/Audio/phrases/Khac/normal/IHaveToGoToThePostOffice.mp3', 20, '2017-07-13 21:02:12', '2017-07-13 21:02:12'),
(878, 'I like Italian food', 'Tôi thích thức ăn Ý', 'i-like-italian-food', '/uploads/Audio/phrases/Khac/slow/ILikeItalianFood.mp3', '/uploads/Audio/phrases/Khac/normal/ILikeItalianFood.mp3', 20, '2017-07-13 21:03:01', '2017-07-13 21:03:01'),
(879, 'I live in California', 'Tôi sống ở California', 'i-live-in-california', '/uploads/Audio/phrases/Khac/slow/ILiveInCalifornia.mp3', '/uploads/Audio/phrases/Khac/normal/ILiveInCalifornia.mp3', 20, '2017-07-13 21:03:36', '2017-07-13 21:03:36'),
(880, 'I''ll talk to you soon', 'Tôi sẽ sớm nói chuyện với bạn', 'ill-talk-to-you-soon', '/uploads/Audio/phrases/Khac/slow/illTalkToYouSoon.mp3', '/uploads/Audio/phrases/Khac/normal/illTalkToYouSoon.mp3', 20, '2017-07-13 21:04:09', '2017-07-13 21:04:09'),
(881, 'I made a mistake', 'Tôi phạm một lỗi lầm', 'i-made-a-mistake', '/uploads/Audio/phrases/Khac/slow/IMadeAMistake.mp3', '/uploads/Audio/phrases/Khac/normal/IMadeAMistake.mp3', 20, '2017-07-13 21:04:48', '2017-07-13 21:04:48'),
(882, 'I''m bored', 'Tôi chán', 'im-bored', '/uploads/Audio/phrases/Khac/slow/imBored.mp3', '/uploads/Audio/phrases/Khac/normal/imBored.mp3', 20, '2017-07-13 21:05:18', '2017-07-13 21:05:18'),
(883, 'I''m going to America next year', 'Tôi sẽ đi Mỹ năm tới', 'im-going-to-america-next-year', '/uploads/Audio/phrases/Khac/slow/imGoingToAmericaNextYear.mp3', '/uploads/Audio/phrases/Khac/normal/imGoingToAmericaNextYear.mp3', 20, '2017-07-13 21:05:54', '2017-07-13 21:05:54'),
(884, 'I''m going to go have dinner', 'Tôi sẽ ăn tối', 'im-going-to-go-have-dinner', '/uploads/Audio/phrases/Khac/slow/ImGoingToGoHaveDinner.mp3', '/uploads/Audio/phrases/Khac/normal/ImGoingToGoHaveDinner.mp3', 20, '2017-07-13 21:06:26', '2017-07-13 21:06:26'),
(885, 'I''m tired', 'Tôi mệt', 'im-tired', '/uploads/Audio/phrases/Khac/slow/ImTired.mp3', '/uploads/Audio/phrases/Khac/normal/ImTired.mp3', 20, '2017-07-13 21:07:01', '2017-07-13 21:07:01'),
(886, 'I''m very well, thank you', 'Tôi khỏe, cám ơn', 'im-very-well-thank-you', '/uploads/Audio/phrases/Khac/slow/ImVeryWellThankYou.mp3', '/uploads/Audio/phrases/Khac/normal/ImVeryWellThankYou.mp3', 20, '2017-07-13 21:08:27', '2017-07-13 21:08:27'),
(887, 'I need another key', 'Tôi cần một cái chìa khóa khác', 'i-need-another-key', '/uploads/Audio/phrases/Khac/slow/INeedAnotherKey.mp3', '/uploads/Audio/phrases/Khac/normal/INeedAnotherKey.mp3', 20, '2017-07-13 21:09:08', '2017-07-13 21:09:08'),
(888, 'I need this to get there by tomorrow', 'Tôi cần cái này tới đó ngày mai', 'i-need-this-to-get-there-by-tomorrow', '/uploads/Audio/phrases/Khac/slow/INeedThisToGetThereByTomorrow.mp3', '/uploads/Audio/phrases/Khac/normal/INeedThisToGetThereByTomorrow.mp3', 20, '2017-07-13 21:10:15', '2017-07-13 21:10:15'),
(889, 'I need to go now', 'Tôi cần phải đi bây giờ', 'i-need-to-go-now', '/uploads/Audio/phrases/Khac/slow/INeedToGoNow.mp3', '/uploads/Audio/phrases/Khac/normal/INeedToGoNow.mp3', 20, '2017-07-13 21:10:52', '2017-07-13 21:10:52'),
(890, 'Is it suppose to rain tomorrow?', 'Ngày mai trời có thể mưa không?', 'is-it-suppose-to-rain-tomorrow', '/uploads/Audio/phrases/Khac/slow/isItSupposeToRainTomorrow.mp3', '/uploads/Audio/phrases/Khac/normal/isItSupposeToRainTomorrow.mp3', 20, '2017-07-13 21:11:36', '2017-07-13 21:11:36'),
(891, 'Is John there please?', 'John có đó không, xin vui lòng?', 'is-john-there-please', '/uploads/Audio/phrases/Khac/slow/isJohnTherePlease.mp3', '/uploads/Audio/phrases/Khac/normal/isJohnTherePlease.mp3', 20, '2017-07-13 21:12:46', '2017-07-13 21:12:46'),
(892, 'Is this a safe area?', 'Khu vực này có an toàn không?', 'is-this-a-safe-area', '/uploads/Audio/phrases/Khac/slow/isThisASafeArea.mp3', '/uploads/Audio/phrases/Khac/normal/isThisASafeArea.mp3', 20, '2017-07-13 21:13:17', '2017-07-13 21:13:17'),
(893, 'Is this Mr. Smith?', 'Có phải ông Smith không?', 'is-this-mr-smith', '/uploads/Audio/phrases/Khac/slow/isThisMrSmith.mp3', '/uploads/Audio/phrases/Khac/normal/isThisMrSmith.mp3', 20, '2017-07-13 21:13:49', '2017-07-13 21:13:49'),
(894, 'Is this the bus to New York?', 'Đây có phải là chuyến xe buýt đi New York không?', 'is-this-the-bus-to-new-york', '/uploads/Audio/phrases/Khac/slow/isThisTheBusToNY.mp3', '/uploads/Audio/phrases/Khac/normal/isThisTheBusToNY.mp3', 20, '2017-07-13 21:18:10', '2017-07-13 21:18:10'),
(895, 'Is this your book?', 'Đây có phải là quyển sách của bạn không?', 'is-this-your-book', '/uploads/Audio/phrases/Khac/slow/isThisYourBook.mp3', '/uploads/Audio/phrases/Khac/normal/isThisYourBook.mp3', 20, '2017-07-13 21:18:41', '2017-07-13 21:18:41'),
(896, 'I still have to brush my teeth and take a shower', 'Tôi còn phải đánh răng và tắm', 'i-still-have-to-brush-my-teeth-and-take-a-shower', '/uploads/Audio/phrases/Khac/slow/IStillHaveToBrushMyTeethAndTakeAShower.mp3', '/uploads/Audio/phrases/Khac/normal/IStillHaveToBrushMyTeethAndTakeAShower.mp3', 20, '2017-07-13 21:19:20', '2017-07-13 21:19:20'),
(897, 'Is your father home?', 'Bố của bạn có ở nhà không?', 'is-your-father-home', '/uploads/Audio/phrases/Khac/slow/isYourFatherHome.mp3', '/uploads/Audio/phrases/Khac/normal/isYourFatherHome.mp3', 20, '2017-07-13 21:24:12', '2017-07-13 21:24:12'),
(898, 'I think so', 'Tôi nghĩ vậy', 'i-think-so', '/uploads/Audio/phrases/Khac/slow/IThinkSo.mp3', '/uploads/Audio/phrases/Khac/normal/IThinkSo.mp3', 20, '2017-07-13 21:24:45', '2017-07-13 21:24:45'),
(899, 'I think those shoes are very good looking', 'Tôi nghĩ những chiếc giày đó rất đẹ', 'i-think-those-shoes-are-very-good-looking', '/uploads/Audio/phrases/Khac/slow/IThinkThoseShoesAreVeryGoodLooking.mp3', '/uploads/Audio/phrases/Khac/normal/IThinkThoseShoesAreVeryGoodLooking.mp3', 20, '2017-07-13 21:25:22', '2017-07-13 21:25:22'),
(900, 'It''s very windy', 'Ngoài trời lộng gió', 'its-very-windy', '/uploads/Audio/phrases/Khac/slow/itsVeryWindy.mp3', '/uploads/Audio/phrases/Khac/normal/itsVeryWindy.mp3', 20, '2017-07-13 21:25:51', '2017-07-13 21:25:51'),
(901, 'It takes 2 hours by car', 'Mất 2 tiếng đi bằng xe', 'it-takes-2-hours-by-car', '/uploads/Audio/phrases/Khac/slow/itTakes2HoursByCar.mp3', '/uploads/Audio/phrases/Khac/normal/itTakes2HoursByCar.mp3', 20, '2017-07-13 21:26:47', '2017-07-13 21:26:47'),
(902, 'I''ve never done that', 'Tôi chưa bao giờ làm việc đó', 'ive-never-done-that', '/uploads/Audio/phrases/Khac/slow/IveNeverDoneThat.mp3', '/uploads/Audio/phrases/Khac/normal/IveNeverDoneThat.mp3', 20, '2017-07-13 21:27:20', '2017-07-13 21:27:20'),
(903, 'I''ve worked there for five years', 'Tôi đã làm việc ở đó 5 năm', 'ive-worked-there-for-five-years', '/uploads/Audio/phrases/Khac/slow/IveWorkedThereFor5Years.mp3', '/uploads/Audio/phrases/Khac/normal/IveWorkedThereFor5Years.mp3', 20, '2017-07-13 21:27:54', '2017-07-13 21:27:54'),
(904, 'I want to buy something', 'Tôi muốn mua một món đồ', 'i-want-to-buy-something', '/uploads/Audio/phrases/Khac/slow/IWantToBuySomething.mp3', '/uploads/Audio/phrases/Khac/normal/IWantToBuySomething.mp3', 20, '2017-07-13 21:28:30', '2017-07-13 21:28:30'),
(905, 'I want to contact our embassy', 'Tôi muốn liên lạc với tòa đại sứ của chúng ta', 'i-want-to-contact-our-embassy', '/uploads/Audio/phrases/Khac/slow/IWantToContactOurEmbassy.mp3', '/uploads/Audio/phrases/Khac/normal/IWantToContactOurEmbassy.mp3', 20, '2017-07-13 21:34:10', '2017-07-13 21:34:10');
INSERT INTO `phrases` (`id`, `english`, `vietnamese`, `alias`, `audio_slow`, `audio_normal`, `cat_phrase_id`, `created_at`, `updated_at`) VALUES
(906, 'I want to send this package to the United States', 'Tôi muốn gửi gói hàng này đi Mỹ', 'i-want-to-send-this-package-to-the-united-states', '/uploads/Audio/phrases/Khac/slow/IWantToSendThisPackageToTheUnitedStates.mp3', '/uploads/Audio/phrases/Khac/normal/IWantToSendThisPackageToTheUnitedStates.mp3', 20, '2017-07-13 21:34:50', '2017-07-13 21:34:50'),
(907, 'I want to show you something', 'Tôi muốn cho bạn xem một cái này', 'i-want-to-show-you-something', '/uploads/Audio/phrases/Khac/slow/IWantToShowYouSomething.mp3', '/uploads/Audio/phrases/Khac/normal/IWantToShowYouSomething.mp3', 20, '2017-07-13 21:35:27', '2017-07-13 21:35:27'),
(908, 'I went to the supermarket, and then to the computer store', 'Tôi đã đi đến siêu thị, và sau đó đến cửa hàng máy tính', 'i-went-to-the-supermarket-and-then-to-the-computer-store', '/uploads/Audio/phrases/Khac/slow/IWentToTheSuperMarketAndThenToTheComputerStore.mp3', '/uploads/Audio/phrases/Khac/normal/IWentToTheSuperMarketAndThenToTheComputerStore.mp3', 20, '2017-07-13 21:36:09', '2017-07-13 21:37:16'),
(909, 'My car isn''t working', 'Xe tôi không chạy', 'my-car-isnt-working', '/uploads/Audio/phrases/Khac/slow/myCarIsntWorking.mp3', '/uploads/Audio/phrases/Khac/normal/myCarIsntWorking.mp3', 20, '2017-07-13 21:37:48', '2017-07-13 21:37:48'),
(910, 'Nobody is helping us', 'Không có ai giúp đỡ chúng tôi', 'nobody-is-helping-us', '/uploads/Audio/phrases/Khac/slow/nobodyIsHelpingUs.mp3', '/uploads/Audio/phrases/Khac/normal/nobodyIsHelpingUs.mp3', 20, '2017-07-13 23:35:12', '2017-07-13 23:35:12'),
(911, 'Nobody is there right now', 'Không có ai ở đó bây giờ', 'nobody-is-there-right-now', '/uploads/Audio/phrases/Khac/slow/nobodyIsThereRightNow.mp3', '/uploads/Audio/phrases/Khac/normal/nobodyIsThereRightNow.mp3', 20, '2017-07-13 23:36:11', '2017-07-13 23:36:11'),
(912, 'One like that', 'Một cái giống như vậy', 'one-like-that', '/uploads/Audio/phrases/Khac/slow/oneLikeThat.mp3', '/uploads/Audio/phrases/Khac/normal/oneLikeThat.mp3', 20, '2017-07-13 23:38:17', '2017-07-13 23:38:17'),
(913, 'Open the door', 'Mở cửa', 'open-the-door', '/uploads/Audio/phrases/Khac/slow/openTheDoor.mp3', '/uploads/Audio/phrases/Khac/normal/openTheDoor.mp3', 20, '2017-07-13 23:39:54', '2017-07-13 23:39:54'),
(914, 'Open the window', 'Mở cửa sổ', 'open-the-window', '/uploads/Audio/phrases/Khac/slow/openTheWindow.mp3', '/uploads/Audio/phrases/Khac/normal/openTheWindow.mp3', 20, '2017-07-13 23:40:31', '2017-07-13 23:40:31'),
(915, 'Pick up your clothes', 'Nhặt quần áo của bạn lên', 'pick-up-your-clothes', '/uploads/Audio/phrases/Khac/slow/pickUpYourClothes.mp3', '/uploads/Audio/phrases/Khac/normal/pickUpYourClothes.mp3', 20, '2017-07-13 23:43:38', '2017-07-13 23:43:38'),
(916, 'Please', 'Làm ơn', 'please', '/uploads/Audio/phrases/Khac/slow/please.mp3', '/uploads/Audio/phrases/Khac/normal/please.mp3', 20, '2017-07-13 23:44:09', '2017-07-13 23:44:09'),
(917, 'Please count this for me', 'Làm ơn đếm cái này cho tôi', 'please-count-this-for-me', '/uploads/Audio/phrases/Khac/slow/pleaseCountThisForMe.mp3', '/uploads/Audio/phrases/Khac/normal/pleaseCountThisForMe.mp3', 20, '2017-07-13 23:44:46', '2017-07-13 23:44:46'),
(918, 'Please tell her John called', 'Làm ơn nói với cô ta là John gọi', 'please-tell-her-john-called', '/uploads/Audio/phrases/Khac/slow/pleaseTellHerJohnCalled.mp3', '/uploads/Audio/phrases/Khac/normal/pleaseTellHerJohnCalled.mp3', 20, '2017-07-13 23:46:55', '2017-07-13 23:46:55'),
(919, 'Please tell me', 'Làm ơn nói với tôi', 'please-tell-me', '/uploads/Audio/phrases/Khac/slow/pleaseTellMe.mp3', '/uploads/Audio/phrases/Khac/normal/pleaseTellMe.mp3', 20, '2017-07-13 23:47:30', '2017-07-13 23:47:30'),
(920, 'Please wait for me', 'Làm ơn chờ tôi', 'please-wait-for-me', '/uploads/Audio/phrases/Khac/slow/pleaseWaitForMe.mp3', '/uploads/Audio/phrases/Khac/normal/pleaseWaitForMe.mp3', 20, '2017-07-13 23:48:12', '2017-07-13 23:48:12'),
(921, 'She''s going with me tomorrow', 'Cô ta sẽ đi với tôi ngày mai', 'shes-going-with-me-tomorrow', '/uploads/Audio/phrases/Khac/slow/shesGoingWithMeTomorrow.mp3', '/uploads/Audio/phrases/Khac/normal/shesGoingWithMeTomorrow.mp3', 20, '2017-07-13 23:52:20', '2017-07-13 23:52:20'),
(922, 'Some books', 'Vài quyển sách', 'some-books', '/uploads/Audio/phrases/Khac/slow/someBooks.mp3', '/uploads/Audio/phrases/Khac/normal/someBooks.mp3', 20, '2017-07-13 23:53:45', '2017-07-13 23:53:45'),
(923, 'Someone does that for me', 'Có người làm điều đó cho tôi', 'someone-does-that-for-me', '/uploads/Audio/phrases/Khac/slow/someoneDoesThatForMe.mp3', '/uploads/Audio/phrases/Khac/normal/someoneDoesThatForMe.mp3', 20, '2017-07-13 23:56:27', '2017-07-13 23:56:27'),
(924, 'Someone is coming', 'Có người đang tới', 'someone-is-coming', '/uploads/Audio/phrases/Khac/slow/someoneIsComing.mp3', '/uploads/Audio/phrases/Khac/normal/someoneIsComing.mp3', 20, '2017-07-13 23:57:22', '2017-07-13 23:57:22'),
(925, 'Sorry, I don''t have a pencil', 'Xin lỗi, tôi không có bút chì', 'sorry-i-dont-have-a-pencil', '/uploads/Audio/phrases/Khac/slow/sorryIDontHaveAPencil.mp3', '/uploads/Audio/phrases/Khac/normal/sorryIDontHaveAPencil.mp3', 20, '2017-07-13 23:58:00', '2017-07-13 23:58:00'),
(926, 'Start the car', 'Nổ máy xe', 'start-the-car', '/uploads/Audio/phrases/Khac/slow/startTheCar.mp3', '/uploads/Audio/phrases/Khac/normal/startTheCar.mp3', 20, '2017-07-13 23:58:34', '2017-07-13 23:58:34'),
(927, 'Take me downtown', 'Đưa tôi ra phố', 'take-me-downtown', '/uploads/Audio/phrases/Khac/slow/takeMeDowntown.mp3', '/uploads/Audio/phrases/Khac/normal/takeMeDowntown.mp3', 20, '2017-07-13 23:59:14', '2017-07-13 23:59:14'),
(928, 'Tell him that I need to talk to him', 'Nói với anh ta là tôi cần nói chuyện với anh ta', 'tell-him-that-i-need-to-talk-to-him', '/uploads/Audio/phrases/Khac/slow/tellHimThatINeedToTalkToHim.mp3', '/uploads/Audio/phrases/Khac/normal/tellHimThatINeedToTalkToHim.mp3', 20, '2017-07-14 00:01:42', '2017-07-14 00:01:42'),
(929, 'That car over there is mine', 'Chiếc xe ở đằng kia là xe của tôi', 'that-car-over-there-is-mine', '/uploads/Audio/phrases/Khac/slow/thatCarOverThereIsMine.mp3', '/uploads/Audio/phrases/Khac/normal/thatCarOverThereIsMine.mp3', 20, '2017-07-14 00:02:17', '2017-07-14 00:02:17'),
(930, 'That looks old', 'Cái đó trông cũ', 'that-looks-old', '/uploads/Audio/phrases/Khac/slow/thatLooksOld.mp3', '/uploads/Audio/phrases/Khac/normal/thatLooksOld.mp3', 20, '2017-07-14 00:02:50', '2017-07-14 00:02:50'),
(931, 'That''s a good school', 'Đó là một trường học tốt', 'thats-a-good-school', '/uploads/Audio/phrases/Khac/slow/thatsAGoodSchool.mp3', '/uploads/Audio/phrases/Khac/normal/thatsAGoodSchool.mp3', 20, '2017-07-14 00:03:44', '2017-07-14 00:03:44'),
(932, 'That''s her book', 'Đó là quyển sách của cô ta', 'thats-her-book', '/uploads/Audio/phrases/Khac/slow/thatsHerBook.mp3', '/uploads/Audio/phrases/Khac/normal/thatsHerBook.mp3', 20, '2017-07-14 00:09:15', '2017-07-14 00:09:26'),
(933, 'That''s not enough', 'Như vậy không đủ', 'thats-not-enough', '/uploads/Audio/phrases/Khac/slow/thatsNotEnough.mp3', '/uploads/Audio/phrases/Khac/normal/thatsNotEnough.mp3', 20, '2017-07-14 00:11:04', '2017-07-14 00:11:04'),
(934, 'The car is fixed', 'Xe đã sửa xong', 'the-car-is-fixed', '/uploads/Audio/phrases/Khac/slow/theCarIsFixed.mp3', '/uploads/Audio/phrases/Khac/normal/theCarIsFixed.mp3', 20, '2017-07-14 00:12:03', '2017-07-14 00:12:03'),
(935, 'These books are ours', 'Những quyển sách này của chúng tôi', 'these-books-are-ours', '/uploads/Audio/phrases/Khac/slow/theseBooksAreOurs.mp3', '/uploads/Audio/phrases/Khac/normal/theseBooksAreOurs.mp3', 20, '2017-07-14 00:12:49', '2017-07-14 00:12:49'),
(936, 'The TV is broken', 'Ti vi bị hỏng', 'the-tv-is-broken', '/uploads/Audio/phrases/Khac/slow/theTVIsBroken.mp3', '/uploads/Audio/phrases/Khac/normal/theTVIsBroken.mp3', 20, '2017-07-14 00:14:59', '2017-07-14 00:14:59'),
(937, 'They haven''t met her yet', 'Họ chưa gặp cô ta', 'they-havent-met-her-yet', '/uploads/Audio/phrases/Khac/slow/theyHaventMetHerYet.mp3', '/uploads/Audio/phrases/Khac/normal/theyHaventMetHerYet.mp3', 20, '2017-07-14 00:15:36', '2017-07-14 00:15:36'),
(938, 'They''re planning to come next year', 'Họ dự tính đến vào năm tới', 'theyre-planning-to-come-next-year', '/uploads/Audio/phrases/Khac/slow/theyrePlanningToComeNextYear.mp3', '/uploads/Audio/phrases/Khac/normal/theyrePlanningToComeNextYear.mp3', 20, '2017-07-14 00:16:27', '2017-07-14 00:16:27'),
(939, 'They''re waiting for us', 'Họ đang chờ chúng ta', 'theyre-waiting-for-us', '/uploads/Audio/phrases/Khac/slow/theyreWaitingForUs.mp3', '/uploads/Audio/phrases/Khac/normal/theyreWaitingForUs.mp3', 20, '2017-07-14 00:17:05', '2017-07-14 00:17:05'),
(940, 'This room is a mess', 'Căn phòng rất bừa bộn', 'this-room-is-a-mess', '/uploads/Audio/phrases/Khac/slow/thisRoomIsAMess.mp3', '/uploads/Audio/phrases/Khac/normal/thisRoomIsAMess.mp3', 20, '2017-07-14 00:21:05', '2017-07-14 00:21:05'),
(941, 'Those men are speaking English', 'Những người đó đang nói tiếng Anh', 'those-men-are-speaking-english', '/uploads/Audio/phrases/Khac/slow/thoseMenAreSpeakingEnglish.mp3', '/uploads/Audio/phrases/Khac/normal/thoseMenAreSpeakingEnglish.mp3', 20, '2017-07-14 00:21:54', '2017-07-14 00:21:54'),
(942, 'What color is that car?', 'Xe đó màu gì?', 'what-color-is-that-car', '/uploads/Audio/phrases/Khac/slow/whatColorIsThatCar.mp3', '/uploads/Audio/phrases/Khac/normal/whatColorIsThatCar.mp3', 20, '2017-07-14 00:22:29', '2017-07-14 00:22:29'),
(943, 'What do you think of these shoes?', 'Bạn nghĩ gì về những chiếc giày này?', 'what-do-you-think-of-these-shoes', '/uploads/Audio/phrases/Khac/slow/whatDoYouThinkOfTheseShoes.mp3', '/uploads/Audio/phrases/Khac/normal/whatDoYouThinkOfTheseShoes.mp3', 20, '2017-07-14 00:23:00', '2017-07-14 00:23:00'),
(944, 'When would you like to meet?', 'Bạn muốn gặp nhau khi nào?', 'when-would-you-like-to-meet', '/uploads/Audio/phrases/Khac/slow/whenWouldYouLikeToMeet.mp3', '/uploads/Audio/phrases/Khac/normal/whenWouldYouLikeToMeet.mp3', 20, '2017-07-14 00:23:35', '2017-07-14 00:23:35'),
(945, 'Where does your wife work?', 'Vợ bạn làm việc ở đâu?', 'where-does-your-wife-work', '/uploads/Audio/phrases/Khac/slow/whereDoesYourWifeWork.mp3', '/uploads/Audio/phrases/Khac/normal/whereDoesYourWifeWork.mp3', 20, '2017-07-14 00:27:30', '2017-07-14 00:27:30'),
(946, 'Where is Main Street?', 'Đường Main ở đâu?', 'where-is-main-street', '/uploads/Audio/phrases/Khac/slow/whereIsMainStreet.mp3', '/uploads/Audio/phrases/Khac/normal/whereIsMainStreet.mp3', 20, '2017-07-14 00:28:08', '2017-07-14 00:28:08'),
(947, 'Where is my shirt?', 'Sơ mi của tôi đâu?', 'where-is-my-shirt', '/uploads/Audio/phrases/Khac/slow/whereIsMyShirt.mp3', '/uploads/Audio/phrases/Khac/normal/whereIsMyShirt.mp3', 20, '2017-07-14 00:28:38', '2017-07-14 00:28:38'),
(948, 'Where is the bus station?', 'Trạm xe buýt ở đâu?', 'where-is-the-bus-station', '/uploads/Audio/phrases/Khac/slow/whereIsTheBusStation.mp3', '/uploads/Audio/phrases/Khac/normal/whereIsTheBusStation.mp3', 20, '2017-07-14 00:29:11', '2017-07-14 00:29:11'),
(949, 'Which road should I take?', 'Tôi nên đi đường nào?', 'which-road-should-i-take', '/uploads/Audio/phrases/Khac/slow/whichRoadShouldITake.mp3', '/uploads/Audio/phrases/Khac/normal/whichRoadShouldITake.mp3', 20, '2017-07-14 00:29:46', '2017-07-14 00:29:46'),
(950, 'You''re right', 'Bạn đúng', 'youre-right', '/uploads/Audio/phrases/Khac/slow/youreRight.mp3', '/uploads/Audio/phrases/Khac/normal/youreRight.mp3', 20, '2017-07-14 00:30:38', '2017-07-14 00:30:38'),
(951, 'Your house is very nice', 'Nhà của bạn rất đẹp', 'your-house-is-very-nice', '/uploads/Audio/phrases/Khac/slow/youreHouseIsVeryNice.mp3', '/uploads/Audio/phrases/Khac/normal/youreHouseIsVeryNice.mp3', 20, '2017-07-14 20:11:37', '2017-07-14 20:11:37');

-- --------------------------------------------------------

--
-- Table structure for table `roles`
--

CREATE TABLE IF NOT EXISTS `roles` (
  `id` int(10) unsigned NOT NULL,
  `name` varchar(191) COLLATE utf8mb4_unicode_ci NOT NULL,
  `display_name` varchar(191) COLLATE utf8mb4_unicode_ci DEFAULT NULL,
  `description` varchar(191) COLLATE utf8mb4_unicode_ci DEFAULT NULL,
  `created_at` timestamp NULL DEFAULT NULL,
  `updated_at` timestamp NULL DEFAULT NULL
) ENGINE=InnoDB AUTO_INCREMENT=5 DEFAULT CHARSET=utf8mb4 COLLATE=utf8mb4_unicode_ci;

--
-- Dumping data for table `roles`
--

INSERT INTO `roles` (`id`, `name`, `display_name`, `description`, `created_at`, `updated_at`) VALUES
(1, 'admin', 'Administrator', NULL, '2017-07-11 02:07:15', '2017-07-11 02:07:16'),
(2, 'owner', 'Project Owner', NULL, '2017-07-11 02:07:39', '2017-07-11 02:07:39'),
(3, 'employee', 'Widget Co. Employee', NULL, '2017-07-11 02:08:51', '2017-07-11 02:08:51'),
(4, 'customer', 'Customer', NULL, '2017-07-11 02:09:21', '2017-07-11 02:09:21');

-- --------------------------------------------------------

--
-- Table structure for table `role_user`
--

CREATE TABLE IF NOT EXISTS `role_user` (
  `user_id` int(10) unsigned NOT NULL,
  `role_id` int(10) unsigned NOT NULL
) ENGINE=InnoDB DEFAULT CHARSET=utf8mb4 COLLATE=utf8mb4_unicode_ci;

--
-- Dumping data for table `role_user`
--

INSERT INTO `role_user` (`user_id`, `role_id`) VALUES
(1, 1),
(2, 2),
(3, 3),
(4, 4);

-- --------------------------------------------------------

--
-- Table structure for table `users`
--

CREATE TABLE IF NOT EXISTS `users` (
  `id` int(10) unsigned NOT NULL,
  `name` varchar(191) COLLATE utf8mb4_unicode_ci NOT NULL,
  `email` varchar(191) COLLATE utf8mb4_unicode_ci NOT NULL,
  `password` varchar(191) COLLATE utf8mb4_unicode_ci NOT NULL,
  `remember_token` varchar(100) COLLATE utf8mb4_unicode_ci DEFAULT NULL,
  `created_at` timestamp NULL DEFAULT NULL,
  `updated_at` timestamp NULL DEFAULT NULL,
  `avatar` varchar(191) COLLATE utf8mb4_unicode_ci DEFAULT NULL
) ENGINE=InnoDB AUTO_INCREMENT=7 DEFAULT CHARSET=utf8mb4 COLLATE=utf8mb4_unicode_ci;

--
-- Dumping data for table `users`
--

INSERT INTO `users` (`id`, `name`, `email`, `password`, `remember_token`, `created_at`, `updated_at`, `avatar`) VALUES
(1, 'admin', 'admin@gmail.com', '$2y$10$9dUhT/kp0K885bxAXBkq9e9vPjyuNLXcXiUJyEhpNu6bp/jqw6zn2', 'L83JnKvxtuD2tsfCyE65VUwPMyPwoZnzLRARldVojEJ0cPfczcBEsYsv10hj', '2017-07-11 01:22:11', '2017-07-11 02:04:40', '/uploads/images/profile_small.jpg'),
(2, 'owner', 'owner@gmail.com', '$2y$10$N8nAnNTbf3lDeJYw.r3fze51hOu4tbCC5NzqLqxzYXj2K/f2zv7.W', NULL, '2017-07-11 02:05:31', '2017-07-11 02:05:31', '/uploads/images/a1.jpg'),
(3, 'employee', 'employee@gmail.com', '$2y$10$dPSvDIhvJYbuYtYDZf61R.heFRNIZ/aoxOcVF6j2XqGwmv7w9Cvpe', NULL, '2017-07-11 02:10:14', '2017-07-11 02:10:14', '/uploads/images/a4.jpg'),
(4, 'customer', 'customer@gmail.com', '$2y$10$LWm9Spd5zc6hAF/9pjrl8uFaeTMjjcn2xrBz0hj6CWZ5inUw61vqW', NULL, '2017-07-11 02:10:32', '2017-07-11 02:10:32', '/uploads/images/a6.jpg'),
(5, 'guest', 'guest@gmail.com', '$2y$10$lXeeFrhGTcmAX7Px3/hHR.rtdZEThOrti9KDYpataFRMkqtFFHM/G', 'hYCUJjQuyQ4Okm8rFZ5swM4Ir3FdJ63PIAu556guk4lMvc4uXngOsgg1aD38', '2017-07-16 18:33:35', '2017-07-18 00:08:57', NULL),
(6, 'tester01', 'tester01@gmail.com', '$2y$10$wIZMoQfsTvFXN0BumJvgEeAZQUswmDOPgsYTVXFAEwHRvLn/M1UHy', '2SteWkyJffuAaht8H8n2keZa3IQoSGKbxEJfURja9VqiBWlYD7iN0VsnziWP', '2017-07-18 20:23:51', '2017-07-18 20:23:51', NULL);

-- --------------------------------------------------------

--
-- Table structure for table `user_phrase`
--

CREATE TABLE IF NOT EXISTS `user_phrase` (
  `user_id` int(10) unsigned NOT NULL,
  `phrase_id` int(10) unsigned NOT NULL
) ENGINE=InnoDB DEFAULT CHARSET=utf8mb4 COLLATE=utf8mb4_unicode_ci;

--
-- Dumping data for table `user_phrase`
--

INSERT INTO `user_phrase` (`user_id`, `phrase_id`) VALUES
(5, 1),
(6, 1),
(5, 2),
(6, 2),
(5, 3),
(6, 3),
(5, 4),
(6, 4),
(5, 5),
(6, 5),
(6, 6),
(6, 7),
(5, 8),
(5, 9),
(5, 10),
(5, 28),
(5, 30),
(5, 155),
(5, 156);

--
-- Indexes for dumped tables
--

--
-- Indexes for table `categories_phrases`
--
ALTER TABLE `categories_phrases`
  ADD PRIMARY KEY (`id`),
  ADD UNIQUE KEY `categories_phrases_alias_unique` (`alias`);

--
-- Indexes for table `migrations`
--
ALTER TABLE `migrations`
  ADD PRIMARY KEY (`id`);

--
-- Indexes for table `password_resets`
--
ALTER TABLE `password_resets`
  ADD KEY `password_resets_email_index` (`email`);

--
-- Indexes for table `permissions`
--
ALTER TABLE `permissions`
  ADD PRIMARY KEY (`id`),
  ADD UNIQUE KEY `permissions_name_unique` (`name`);

--
-- Indexes for table `permission_role`
--
ALTER TABLE `permission_role`
  ADD PRIMARY KEY (`permission_id`,`role_id`),
  ADD KEY `permission_role_role_id_foreign` (`role_id`);

--
-- Indexes for table `phrases`
--
ALTER TABLE `phrases`
  ADD PRIMARY KEY (`id`),
  ADD UNIQUE KEY `phrases_alias_unique` (`alias`),
  ADD KEY `phrases_cat_phrase_id_foreign` (`cat_phrase_id`);

--
-- Indexes for table `roles`
--
ALTER TABLE `roles`
  ADD PRIMARY KEY (`id`),
  ADD UNIQUE KEY `roles_name_unique` (`name`);

--
-- Indexes for table `role_user`
--
ALTER TABLE `role_user`
  ADD PRIMARY KEY (`user_id`,`role_id`),
  ADD KEY `role_user_role_id_foreign` (`role_id`);

--
-- Indexes for table `users`
--
ALTER TABLE `users`
  ADD PRIMARY KEY (`id`),
  ADD UNIQUE KEY `users_email_unique` (`email`);

--
-- Indexes for table `user_phrase`
--
ALTER TABLE `user_phrase`
  ADD PRIMARY KEY (`user_id`,`phrase_id`),
  ADD KEY `user_phrase_phrase_id_foreign` (`phrase_id`);

--
-- AUTO_INCREMENT for dumped tables
--

--
-- AUTO_INCREMENT for table `categories_phrases`
--
ALTER TABLE `categories_phrases`
  MODIFY `id` int(10) unsigned NOT NULL AUTO_INCREMENT,AUTO_INCREMENT=21;
--
-- AUTO_INCREMENT for table `migrations`
--
ALTER TABLE `migrations`
  MODIFY `id` int(10) unsigned NOT NULL AUTO_INCREMENT,AUTO_INCREMENT=9;
--
-- AUTO_INCREMENT for table `permissions`
--
ALTER TABLE `permissions`
  MODIFY `id` int(10) unsigned NOT NULL AUTO_INCREMENT,AUTO_INCREMENT=6;
--
-- AUTO_INCREMENT for table `phrases`
--
ALTER TABLE `phrases`
  MODIFY `id` int(10) unsigned NOT NULL AUTO_INCREMENT,AUTO_INCREMENT=952;
--
-- AUTO_INCREMENT for table `roles`
--
ALTER TABLE `roles`
  MODIFY `id` int(10) unsigned NOT NULL AUTO_INCREMENT,AUTO_INCREMENT=5;
--
-- AUTO_INCREMENT for table `users`
--
ALTER TABLE `users`
  MODIFY `id` int(10) unsigned NOT NULL AUTO_INCREMENT,AUTO_INCREMENT=7;
--
-- Constraints for dumped tables
--

--
-- Constraints for table `permission_role`
--
ALTER TABLE `permission_role`
  ADD CONSTRAINT `permission_role_permission_id_foreign` FOREIGN KEY (`permission_id`) REFERENCES `permissions` (`id`) ON DELETE CASCADE ON UPDATE CASCADE,
  ADD CONSTRAINT `permission_role_role_id_foreign` FOREIGN KEY (`role_id`) REFERENCES `roles` (`id`) ON DELETE CASCADE ON UPDATE CASCADE;

--
-- Constraints for table `phrases`
--
ALTER TABLE `phrases`
  ADD CONSTRAINT `phrases_cat_phrase_id_foreign` FOREIGN KEY (`cat_phrase_id`) REFERENCES `categories_phrases` (`id`);

--
-- Constraints for table `role_user`
--
ALTER TABLE `role_user`
  ADD CONSTRAINT `role_user_role_id_foreign` FOREIGN KEY (`role_id`) REFERENCES `roles` (`id`) ON DELETE CASCADE ON UPDATE CASCADE,
  ADD CONSTRAINT `role_user_user_id_foreign` FOREIGN KEY (`user_id`) REFERENCES `users` (`id`) ON DELETE CASCADE ON UPDATE CASCADE;

--
-- Constraints for table `user_phrase`
--
ALTER TABLE `user_phrase`
  ADD CONSTRAINT `user_phrase_phrase_id_foreign` FOREIGN KEY (`phrase_id`) REFERENCES `phrases` (`id`) ON DELETE CASCADE ON UPDATE CASCADE,
  ADD CONSTRAINT `user_phrase_user_id_foreign` FOREIGN KEY (`user_id`) REFERENCES `users` (`id`) ON DELETE CASCADE ON UPDATE CASCADE;

/*!40101 SET CHARACTER_SET_CLIENT=@OLD_CHARACTER_SET_CLIENT */;
/*!40101 SET CHARACTER_SET_RESULTS=@OLD_CHARACTER_SET_RESULTS */;
/*!40101 SET COLLATION_CONNECTION=@OLD_COLLATION_CONNECTION */;
